ConvThread,MessageID,Date,Message,UserID
0,158529,2024-01-06,"–û—Ç –≤—Å–µ —ó–º –Ω–µ —Ç–∞–∫-- –æ—Ç –∂–µ –∂ –Ω–µ –±—Ä—É–∫—ñ–≤–∫–∞, –æ—Ç –¥—Ä–æ–Ω–∏, –∞ —è–∫ —ñ—â–µ —ó–º )))

–ü–æ—Ä—É—á —Ç–∞–±–ª–∏—á–∫–∞ ""—Ç–æ–≤—Å—Ç–µ–ª–µ–Ω–Ω–∏–π —Å–∞—Ä–∫–∞–∑–º"" ;...((",405203568
1,157550,2024-01-04,–ú–æ—â–Ω–∏–π –ø—ñ–¥–ø–∞–ª! –õ–µ–¥—å —Ü—ñ–ª–∏–π –∞–µ—Ä–æ–¥—Ä–æ–º –Ω–µ –∑–≥–æ—Ä—ñ–≤),603796556
1,157554,2024-01-04,"–ü–æ–∫–∞–∂—ñ—Ç—å –∫–ª–∞—Å, - –ø—ñ–¥–ø–∞–ª—ñ—Ç—å –∫—Ä–∞—â–µ",502083401
1,157555,2024-01-04,"–¶–µ —Å–∞—Ä–∫–∞–∑–º!) 
–ê –Ω–∞—Å–ø—Ä–∞–≤–¥—ñ –∫—Ä—É—Ç–∞ —Ä–æ–±–æ—Ç–∞ –≤ —Ç–∏–ª—É –≤–æ—Ä–æ–≥–∞! –ú–æ–ª–æ–¥—Ü—ñ!",603796556
2,155337,2023-12-30,"–¢–∞–∫ –≤—Å–µ –ø—Ä–∞–≤–∏–ª—å–Ω–æ, –Ω–∞—à—ñ –±'—é—Ç—å –≤–∏–∫–ª—é—á–Ω–æ –ø–æ –≤—ñ–π—Å—å–∫–æ–≤–∏–º —Ü—ñ–ª—è–º!!! –ê –≤—Å—ñ –∂–µ—Ä—Ç–≤–∏ –≤—ñ–¥ —ó—Ö–Ω—å–æ–≥–æ –ü–í–û!
–•–æ—Ç—ñ–ª–æ—Å—å —è–∫–∏–π—Å—å —Å–∞—Ä–∫–∞–∑–º –≤–∏–¥–∞—Ç–∏, –∞–ª–µ –∑–≥–∞–¥–∞–ª–∞ —è–∫ –≤–æ–Ω–∏ —Å–≤–æ—ó –∂ –ª—ñ—Ç–∞–∫–∏ –ø—Ä–∏–∑–µ–º–ª–∏–ª–∏...",811156520
3,155248,2023-12-30,"–ê–ª–µ –∂ –Ω–∞ –∫–æ—Ä–∞–±–ª—ñ —Ç–µ–∂ –±—É–ª–∏ —á–∏—ó—Å—å –¥—ñ—Ç–∫–∏. 74 –º–∞–ª—å—á—ñ–∫–∞, –Ω–µ –≤–∏–∫–ª—é—á–µ–Ω–æ —â–æ –Ω–∞–≤—ñ—Ç—å –≤ —Ç—Ä—É—Å—ñ–∫–∞—Öüò¨",411451179
3,155251,2023-12-30,"–í–æ–Ω–∏ –ø—ñ—à–ª–∏ –≤–æ—é–≤–∞—Ç–∏, –∞ –¥—ñ—Ç–∏ –≤ –±–µ–ª–≥–æ—Ä–æ–¥—ñ –Ω–µ –≤–æ—é—é—Ç—å...",404293200
3,155253,2023-12-30,"–ê —Ä–∞–ø—Ç–æ–º –≤–æ–Ω–∏ –≤–µ–∑–ª–∏ –Ω–µ —à–∞—Ö–µ–¥–∏ –∑ –∫–∞–ª—ñ–±—Ä–∞–º–∏, –∞ –≤–∞—Ä—î–Ω—å—î –∑ –±–∞—Ä–∞–Ω–∫–∞–º–∏ (—è–∫–∞ –∂ –¥–µ–±—ñ–ª—å–Ω–∞ –Ω–∞–∑–≤–∞ –±—É–±–ª–∏–∫—ñ–≤)? (–≤ —Ü—å–æ–º—É —Ä–µ—á–µ–Ω–Ω—ñ —î —Å–∞—Ä–∫–∞–∑–º) –í—Å—ñ —Ä–æ—Å—ñ—è–Ω–∏, —è–∫—ñ –ø–ª–∞—Ç—è—Ç—å –ø–æ–¥–∞—Ç–∫–∏ —ñ –Ω—ñ—á–æ–≥–æ –Ω–µ —Ä–æ–±–ª—è—Ç—å —â–æ–± –∑—É–ø–∏–Ω–∏—Ç–∏ —Ä–æ—Å—ñ–π—Å—å–∫—É –∞–≥—Ä–µ—Å—ñ—é —Ä–æ–±–ª—è—Ç—å –≤–Ω–µ—Å–æ–∫ —É –≤–±–∏–≤—Å—Ç–≤–∞ –Ω–∞—à–∏—Ö –ª—é–¥–µ–π. –ù–∞ –∂–∞–ª—å —Ü–µ —Ç–∞–∫ –ø—Ä–∞—Ü—é—î.",411451179
4,154608,2023-12-29,–ù–µ–ø—Ä–∞–≤–¥–∞ –≤–∞—à–∞! –ü–æ–±–æ–∂–Ω—ñ –≥–∞–ª–∏—á–∞–Ω–∏ –Ω—ñ–∑–∞—â–æ –± –Ω–µ –Ω–∞–∂–∏–≤–∞–ª–∏—Å—è –Ω–∞ –≤—ñ–π—Å—å–∫–æ–≤–∏—Ö (—Å–∞—Ä–∫–∞–∑–º),965927951
5,154469,2023-12-29,–¶–µ –µ—Å–∫–∞–ª–∞—Ü—ñ—è!!!,400832096
5,154485,2023-12-29,–•—É—î—Ä–∞—Ü—ñ—è!,1986814519
5,154526,2023-12-29,–¢–∞–∫–µ –ø–æ–Ω—è—Ç—Ç—è —è–∫ —Å–∞—Ä–∫–∞–∑–º –≤–∞–º –≤—ñ–¥–æ–º–µ?,400832096
6,153600,2023-12-27,–í–∏—Ö–æ–¥–∏—Ç—å –≤–æ–Ω–∏ —ó—Ö —Ç—ñ–ª—å–∫–∏ —É —Å–µ–±–µ –≤ –æ—Ñ—ñ—Å—ñ –≤–∏–∫–æ—Ä–∏—Å—Ç–æ–≤—É–≤–∞–ª–∏ [—Å–∞—Ä–∫–∞–∑–º],483464554
7,151420,2023-12-21,"–û—Ü–µ —ñ—Ä–æ–Ω—ñ—è, –æ—Ü–µ —ñ—Ä–æ–Ω—ñ—è üëåü§åüòÜ –Ω–∞–≤—ñ—Ç—å —Å–∞—Ä–∫–∞–∑–º‚Ä¶ —è —Å–ø–æ–¥—ñ–≤–∞—é—Å—å üò≥",582310398
8,151030,2023-12-21,–ë—Ä—î–¥ —è–∫–∏–π—Å—å –∫–∞–∂–µ—Ç–µ))),287715831
8,151037,2023-12-21,–¢–æ –≤ —á–æ–º—É —Å—É–º–Ω—ñ–≤–∏? –ü–∏—à—ñ—Ç—å,1363242235
8,151040,2023-12-21,–¶–µ —Å–∞—Ä–∫–∞–∑–º),287715831
9,150087,2023-12-19,"–¢–∞–º –¥—É–∂–µ –≥–ª–∏–±–æ–∫–∞ –ø—Ä–æ–±–ª–µ–º–∞ –∑ –º–∏—Ä–Ω–∏–º –Ω–∞—Å–µ–ª–µ–Ω–Ω—è–º. –ë–æ –≤–∞–∂–∫–æ –∑–Ω–∞–π—Ç–∏ –º–∏—Ä–Ω–∏—Ö. –¶–µ –ø—Ä–∏–±–ª–∏–∑–Ω–æ —è–∫ –ø–æ—à—É–∫–∏ —Ö–∞—Ä–æ—à–∏—Ö —Ä—É—Å–∫—ñ—Ö.
–ü–æ—è—Å–Ω—é —Ç—Ä–æ—Ö–∏ –∑ —Ç–æ–≥–æ, —â–æ –±–∞—á–∏–ª–∞ –ø–æ –ü–∞–ª–µ—Å—Ç–∏–Ω—ñ.
–•–∞–º–∞—Å —Ü–µ —Ñ–∞–∫—Ç–∏—á–Ω–æ –∫–µ—Ä—ñ–≤–Ω–∏—Ü—Ç–≤–æ –ì–∞–∑–∏. –ë—ñ–ª—å—à—ñ—Å—Ç—å, –∞–±–æ –Ω–∞–≤—ñ—Ç—å –≤—Å—è –¥–æ–ø–æ–º–æ–≥–∞ –≤—ñ–¥ —ñ–Ω—à–∏—Ö –∫—Ä–∞—ó–Ω  –ø—Ä–æ—Ö–æ–¥–∏—Ç—å —Å–∞–º–µ —á–µ—Ä–µ–∑ –Ω–∏—Ö. –î–ª—è —Ç–æ–≥–æ, —â–æ–± –ø—ñ–¥–Ω—è—Ç–∏ —Å–≤—ñ–π —Å—Ç–∞—Ç—É—Å –≤ —Å—É—Å–ø—ñ–ª—å—Å—Ç–≤—ñ, –æ—Ç—Ä–∏–º–∞—Ç–∏ –±–ª–∞–≥–∞ –∞–±–æ—â–æ, –ø–∞–ª–µ—Å—Ç–∏–Ω–µ—Ü—å –º–æ–∂–µ, –Ω–∞–ø—Ä–∏–∫–ª–∞–¥, –≤–±–∏—Ç–∏ —î–≤—Ä–µ—è. –¶–µ –≤–≤–∞–∂–∞—î—Ç—å—Å—è –ø–æ—á—å–æ—Ç–Ω–∏–º. 
–Ü–¥–µ–æ–ª–æ–≥—ñ—è ""–≤–±–∏—Ç–∏ –≤—Å—ñ—Ö —î–≤—Ä–µ—ó–≤"" —Ç—Ä–∞–Ω—Å–ª—é—î—Ç—å—Å—è –≤—ñ–¥–∫—Ä–∏—Ç–æ –≤ –ª–æ–∫–∞–ª—å–Ω–∏—Ö —Å–º—ñ.  –í–±–∏–≤–∞—î—Ç—å—Å—è –≤ –≥–æ–ª–æ–≤–∏ –∑ –¥–∏—Ç—Å–∞–¥–æ—á–∫—ñ–≤. –ë—É–∫–≤–∞–ª—å–Ω–æ. –Ñ –¥–∏—Ç—è—á—ñ —à–æ—É –ø–æ —Ç–±, –¥–µ –∞–Ω—ñ–º–∞—Ç–æ—Ä–∏ –≤ –∫–æ—Å—Ç—é–º–∞—Ö —Ç–≤–∞—Ä–∏–Ω–æ–∫ —Ä–æ–∑–ø–æ–≤—ñ–¥–∞—é—Ç—å –¥—É–∂–µ –º–∏–ª–∏–º–∏ –≥–æ–ª–æ—Å–∞–º–∏ —â–æ—Å—å —Ç–∏–ø—É ""–∞ —Å–∫—ñ–ª—å–∫–∏ —î–≤—Ä–µ—ó–≤ –º–∏ –ø–æ–≤–∏–Ω–Ω—ñ –≤–±–∏—Ç–∏?"" –î–∏—Ç–∏–Ω–∞ –≤—ñ–¥–ø–æ–≤—ñ–¥–∞—î —É–º–æ–≤–Ω—ñ–π –±–¥–∂—ñ–ª—Ü—ñ - ""–í—Å—ñ—Ö!"" —ñ –±–¥–∂—ñ–ª–∫–∞ —Ä–∞–¥—ñ—Å–Ω–æ –∂—É–∂–∂–∏—Ç—å - ""–ø—Ä–∞–≤–∏–ª—å–Ω–æ! –º–æ–ª–æ–¥–µ—Ü—å!""
–ù—É, –∫–æ—Ä–æ—á–µ, –∂–∞—Ö. –ú–∏ —Ç—Ä—ñ—à–µ—á–∫–∏ –º–æ–∂–µ–º–æ –∑—Ä–æ–∑—É–º—ñ—Ç–∏ –≤–∞–∂–∫—ñ—Å—Ç—å —Ä–æ–±–æ—Ç–∏ –∑ —Ç–∞–∫–∏–º –º–∏—Ä–Ω–∏–º, (–∞–±–æ –Ω–∞–≤—ñ—Ç—å ""–º–∏—Ä–Ω–∏–º""ü§î) –Ω–∞—Å–µ–ª–µ–Ω–Ω—è–º, –∑—Ç–∏–∫–∞—é—á–∏—Å—å –∑ —è–∫–∏–º–∏—Å—å –∫–æ–ª–∏—à–Ω—ñ–º–∏ –¥—Ä—É–∑—è–º–∏ —á–∏ —Ä—ñ–¥–Ω–∏–º–∏, —è–∫–∏–º —Ä–∞—à–∫–∞ –ø—Ä–æ–º–∏–ª–∞ –º—ñ–∑–∫–∏ –∑–∞ 8–ª—î—Ç. –ê —Ç–∞–º —Ü–µ –∑ –¥–∏—Ç–∏–Ω—Å—Ç–≤–∞..
–ö–∞—Ä–æ—á—î, –¥—É–∂–µ –¥—É–∂–µ —Å–∫–ª–∞–¥–Ω–æ. 

–ê –Ü–∑—Ä–∞—ó–ª—å ""—Ç–∞–∫–∏–π –ø–æ–≥–∞–Ω–∏–π"" —â–æ –¥–∞–≤–∞–≤ —ó–º —Ä–æ–±–æ—Ç—É, —Ç—Ä—É–±–∏, (–∑ —è–∫–∏—Ö —Ä–æ–±–∏–ª–∞—Å—å –∑–±—Ä–æ—è) —Ç–æ—â–æ. 

–Ø–∫—â–æ –ø—Ä–æ—Å—Ç—ñ—à–µ - –≤–æ–Ω–∏, —Ö–∞–º–∞—Å, –≥–∞–∑–∞, –Ω–∞–ø–∞–ª–∏ –ø–µ—Ä—à—ñ, –≤–±–∏–ª–∏ –∫—É–ø—É –º–∏—Ä–Ω–∏—Ö —ñ–∑—Ä–∞—ó–ª—å—Ç—è–Ω, –≤—ñ–¥—Ä—ñ–∑–ê–ª–∏ –≥–æ–ª–æ–≤–∏ –¥—ñ—Ç—è–º –Ω–µ –∂–∞–ª—ñ—é—á–∏, —Ä–∞–¥—ñ–ª–∏ —ñ –∑–Ω—ñ–º–∞–ª–∏ –Ω–∞ –≤—ñ–¥–µ–æ.  –Ü–∑—Ä–∞—ó–ª—å –ø–æ–≤–∏–Ω–µ–Ω –∑–∞—Ö–∏—â–∞—Ç–∏—Å—å, —ñ–Ω–∞–∫—à–µ –ø—Ä–∏–ø–∏–Ω–∏—Ç—å —ñ—Å–Ω—É–≤–∞–Ω–Ω—è. –Ø–∫ —ñ –£–∫—Ä–∞—ó–Ω–∞ –∑–∞—Ö–∏—â–∞—î—Ç—å—Å—è –≤—ñ–¥ —Ä–∞—à–∫–∏, –±–æ –≤–∏–Ω–∏—â–∞—Ç—å",432440376
9,150103,2023-12-20,"–Ü–∑—Ä–∞—ó–ª—å —Å–∞–º —Å—Ç–≤–æ—Ä–∏–≤ —Ü—ñ –ø—Ä–æ–±–ª–µ–º–∏.
–£ –≤—Å—å–æ–≥–æ —î —Å–≤–æ—ó –ø—Ä–∏—á–∏–Ω–∏ —Ç–∞ –Ω–∞—Å–ª—ñ–¥–∫–∏.
–†–∞–¥–∂—É –ø–æ–≥—É–≥–ª–∏—Ç–∏: —Ä–µ–∂–∏–º –∞–ø–∞—Ä—Ç–µ—ó–¥—É –≤ –Ü–∑—Ä–∞—ó–ª—ñ",651344749
9,150116,2023-12-20,"–ñ–µ—Ä—Ç–≤–∞ —Å–∞–º–∞ –≤–∏–Ω–Ω–∞ –≤ –Ω–∞–ø–∞–¥—ñ. –¢–æ—á–Ω–æ. 
–Ü–∑—Ä–∞—ó–ª—å—Ç—è–Ω–∏ –ø—Ä—è–º –≤–∏–Ω—É–¥–∏–ª–∏ –ø–∞–ª–µ—Å—Ç–∏–Ω—Ü—ñ–≤ –≤–±–∏–≤–∞—Ç–∏ –¥—ñ—Ç–µ–π —ñ –º–∏—Ä–Ω–∏—Ö. –í—ñ—Ä—é.
*–º–∞–∫—Å–∏–º–∞–ª—å–Ω–∏–π —Å–∞—Ä–∫–∞–∑–º*

–¶–µ –±–ª—è—Ö–∞ —è–∫ —Ä–æ—Å—ñ—è–Ω–∏ –≤–∏–ø—Ä–∞–≤–¥–æ–≤—É—é—Ç—å –Ω–∞–ø–∞–¥ –Ω–∞ –Ω–∞—Å, ""–£–∫—Ä–∞—ó–Ω–∞ —Å–∞–º–∞ –≤–∏–Ω–Ω–∞""",432440376
10,149404,2023-12-18,"¬´–¶—ñ–∫–∞–≤–æ, –¥–æ —á–æ–≥–æ –≥–æ—Ç—É—î—Ç—å—Å—è –¶—É–∫–µ—Ä–±–µ—Ä–≥?¬ª –∫—É—Ä—Å–∏–≤–æ–º, –±–æ —Ü–µ ‚Äì —Å–∞—Ä–∫–∞–∑–º? –Ø–∫—â–æ –Ω—ñ, —Ç–æ –î–∞“ë–ª–∞—Å –†–∞—à–∫–æ—Ñ –ø—Ä–æ —Ü–µ –ø–∏—Å–∞–≤ —É Survival of the Richest.",72454118
11,146721,2023-12-12,–ß–æ–≥–æ —è –º–∞—é –π–æ–≥–æ –±–æ—è—Ç–∏—Å—å?–Ω–µ —è –∂ –Ω–µ–∑–∞–∫–æ–Ω–Ω—ñ —Å—Ö–µ–º–∏ –º—É—á—É –∞ –±–∏ –Ω–∞–≥—Ä–µ–±—Å—Ç–∏—Å—å –≥—Ä–æ—à–µ–π —ñ  –Ω–µ–ª–µ–≥–∞–ª—å–Ω–æ –∑'–ª—ñ–Ω—è—Ç–∏,545474237
11,146724,2023-12-12,–¢–æ –±—É–≤ —Å–∞—Ä–∫–∞–∑–º ),2105106333
11,146725,2023-12-12,"–ù–µ –∑—Ä–æ–∑—É–º—ñ–ª–∞üòÖ –≤–∏ —Ö–æ—á —Å–º–∞–π–ª–∏ —Å—Ç–∞–≤—Ç–µ)–≤–∂–µ –ø–æ–¥—É–º–∞–ª–∞ —â–æ –º–µ–Ω—ñ –≤—ñ–¥–ø–æ–≤—ñ–¥–∞—î —è–∫—ñ—Å—å –¥—É–∂–µ –≤—ñ—Ä—É—é—á–∏ –ª—é–¥–∏,–∞ –≤—Ä–∞—Ö–æ–≤—É—é—á–∏ —Ç–µ —è–∫ —É –¢–í—ñ –∑ —Ä—É—Å–Ω–µ—é —Å—Ä—É—Å—è —ñ –≤–æ–Ω–∏ –±–µ–∑ —Å–∞—Ä–∫–∞–∑–º—É –º–∞—Ä–∞–∑–º–∏ –ø–∏—à—É—Ç—å,—Ç–æ –≤–∂–µ –Ω–µ –æ—á—ñ–∫—É—é —á–æ–≥–æ—Å—å –Ω–æ—Ä–º–∞–ª—å–Ω–æ–≥–æ –Ω–∞ –≤—ñ–¥–ø–æ–≤—ñ–¥—ñ)",545474237
12,146613,2023-12-12,"–í–∏ —â–æ ,—Ç–æ –ø–æ–±—ñ–π—Ç–µ—Å—å –ë–æ–≥–∞",2105106333
12,146721,2023-12-12,–ß–æ–≥–æ —è –º–∞—é –π–æ–≥–æ –±–æ—è—Ç–∏—Å—å?–Ω–µ —è –∂ –Ω–µ–∑–∞–∫–æ–Ω–Ω—ñ —Å—Ö–µ–º–∏ –º—É—á—É –∞ –±–∏ –Ω–∞–≥—Ä–µ–±—Å—Ç–∏—Å—å –≥—Ä–æ—à–µ–π —ñ  –Ω–µ–ª–µ–≥–∞–ª—å–Ω–æ –∑'–ª—ñ–Ω—è—Ç–∏,545474237
12,146724,2023-12-12,–¢–æ –±—É–≤ —Å–∞—Ä–∫–∞–∑–º ),2105106333
13,145771,2023-12-11,"–û –Ω—ñ, –ª—é–¥–∏, —Ç–∏—Ö–µ–Ω—å–∫–æ —Ç—É—Ç –≤ –∫–æ–º–µ–Ω—Ç–∞—Ö –±–æ –º–∞—á–æ –∑–∞—Ä–∞–∑ –Ω–∞–º —Ä–æ–∑–∫–∞–∂–µ –ø—Ä–æ –ø—Ä–∞–≤–∏–ª–∞ –Ω–∞ –∑–æ–Ω—ñ –≤ –≥—É—Ä—Ç–æ–∂–∏—Ç–∫—É. –í–∏ –∂ –Ω–µ —Ö–æ—á–µ—Ç–µ –ø—Ä–æ–≤–∏–Ω–∏—Ç–∏—Å—è?!
–ß—É—î—à, –∫–ª–æ—É–Ω, –≥—É—Ä—Ç–æ–∂–∏—Ç–æ–∫ —Ü–µ –∑–≤—ñ—Å–Ω–æ –Ω–µ —è–∫ –≤–¥–æ–º–∞, –∞–ª–µ —ñ –≤ –∑–æ–Ω—É –∑ ""–ø–æ–Ω—è—Ç—ñ—è–º—ñ"" —Ç–µ–∂ –ø–µ—Ä–µ—Ç–≤–æ—Ä—é–≤–∞—Ç–∏ –Ω–µ —Ç—Ä–µ–±–∞. –Ø–∫—â–æ –±–∏–¥–ª–æ –ø–æ–≤–æ–¥–∏—Ç—å—Å—è —è–∫ –±–∏–¥–ª–æ, —ó–º –Ω–µ –º—ñ—Å—Ü–µ —Ç–∞–º.",1138945111
13,145775,2023-12-11,"—Ç–∞ —è–∫–∏–π –º–∞—á–æ? —è–∫–∏–π—Å—å –ª–æ—à–æ–∫, —Å–∫–æ—Ä—ñ—à –∑–∞ –≤—Å–µ –π–æ–≥–æ –ø—Ä–∏–Ω–∏–∂—É–≤–∞–ª–∏ –≤—Å—ñ –∫–æ–º—É –Ω–µ –ª—ñ–Ω—å–∫–∏ –±—É–ª–æ, –æ—Ç –≤–æ–Ω–æ —ñ –ø–∏—à–µ –ø—Ä–æ —è–∫—ñ—Å—å ""–Ω–µ–ø–∏—Å–∞–Ω—ñ –ø—Ä–∞–≤–∏–ª–∞"".
–Ω–µ –∑–¥–∏–≤—É—é—Å—å —è–∫—â–æ –≤–æ–Ω–æ —â–µ –π —Ä—É—Å–Ω—è–≤–∏–π —Å–µ—Ä—ñ–∞–ª –ø—Ä–æ –≥–æ–ø–æ—Ç—É –¥–∏–≤–∏—Ç—å—Å—è",387079345
13,145776,2023-12-11,"–¶–µ –±—É–≤ —Å–∞—Ä–∫–∞–∑–º, –æ—á–µ–≤–∏–¥–Ω–æ –∂–µ...",1138945111
14,142515,2023-12-04,"–ë–æ –≤–æ–Ω–∏ –±—É–ª–∏ —è–∑–∏—á–Ω–∏–∫–∞–º–∏, –∞ —â–µ –∫–æ–ª–∏—Å—å –ª—é–¥–∏ –≥–æ–ª—ñ —Ö–æ–¥–∏–ª–∏ —ñ –≤ –ø–µ—á–µ—Ä–∞—Ö –∂–∏–ª–∏, –∞–ª–µ –ø–æ—Ç—ñ–º —ó–º —è–≤–∏–≤—Å—è –ü—å–æ—Ç—Ä 1 —ñ –ø–æ—à–∏–≤ –æ–¥—è–≥. –¢–æ–º—É –Ω–∞–≤—ñ—Ç—å –Ω–µ –¥—É–º–∞–π—Ç–µ –æ–¥—è–≥–∞—Ç–∏—Å—å, –∫–æ–ª–∏ –Ω–∞ –≤—É–ª–∏—Ü—é –≤–∏—Ö–æ–¥–∏—Ç–µ, –±–æ —Ü–µ –≤—Å–µ —Ä–æ—Å. –ø—Ä–æ–ø–∞–≥–∞–Ω–¥–∞.",706764194
14,142516,2023-12-04,—Ç–∞–∫–∏–π —Å–æ–±—ñ —Å–∞—Ä–∫–∞–∑–º,930000824
14,142518,2023-12-04,"–£–∫—Ä–∞—ó–Ω—Ü—ñ –±—É–ª–∏ —è–∑–∏—á–Ω–∏–∫–∞–º–∏, —Ç–æ–º—É —Å–≤—è—Ç–∫—É–≤–∞–ª–∏ –Ω–∞–≤–µ—Å–Ω—ñ –ù–æ–≤–∏–π —Ä—ñ–∫, —Ü–µ –Ω–µ —Å–∞—Ä–∫–∞–∑–º.",706764194
15,142512,2023-12-04,–Ω–∞—à—ñ –ø—Ä–µ–¥–∫–∏ —Å–ª–æ–≤'—è–Ω–∏ —Å–≤—è—Ç–∫—É–≤–∞–ª–∏ –ù–æ–≤–∏–π —Ä—ñ–∫ –Ω–∞ –≤–µ—Å–Ω—ñ (–∫–æ–ª–∏ –ø—Ä–æ–∫–∏–¥–∞—î—Ç—å—Å—è –≤—ñ–¥ —Å–Ω—É –∑–µ–º–ª—è). –á–º —ñ –≤ –≥–æ–ª–æ–≤—É  –± –Ω–µ –ø—Ä–∏–π—à–ª–æ —Ä—É–±–∞—Ç–∏ –¥–µ—Ä–µ–≤–æ —ñ –≤–æ–¥–∏—Ç–∏ —Ö–æ—Ä–æ–≤–æ–¥–∏ –Ω–∞–≤–∫–æ–ª–æ –∑—Ä—É–±–∞–Ω–æ–≥–æ (—Ç–æ–±—ñ –∂ –º–µ—Ä—Ç–≤–æ–≥–æ) –¥–µ—Ä–µ–≤–∞/–π–æ–ª–∫–∏/—Å–æ—Å–Ω–∏.,930000824
15,142515,2023-12-04,"–ë–æ –≤–æ–Ω–∏ –±—É–ª–∏ —è–∑–∏—á–Ω–∏–∫–∞–º–∏, –∞ —â–µ –∫–æ–ª–∏—Å—å –ª—é–¥–∏ –≥–æ–ª—ñ —Ö–æ–¥–∏–ª–∏ —ñ –≤ –ø–µ—á–µ—Ä–∞—Ö –∂–∏–ª–∏, –∞–ª–µ –ø–æ—Ç—ñ–º —ó–º —è–≤–∏–≤—Å—è –ü—å–æ—Ç—Ä 1 —ñ –ø–æ—à–∏–≤ –æ–¥—è–≥. –¢–æ–º—É –Ω–∞–≤—ñ—Ç—å –Ω–µ –¥—É–º–∞–π—Ç–µ –æ–¥—è–≥–∞—Ç–∏—Å—å, –∫–æ–ª–∏ –Ω–∞ –≤—É–ª–∏—Ü—é –≤–∏—Ö–æ–¥–∏—Ç–µ, –±–æ —Ü–µ –≤—Å–µ —Ä–æ—Å. –ø—Ä–æ–ø–∞–≥–∞–Ω–¥–∞.",706764194
15,142516,2023-12-04,—Ç–∞–∫–∏–π —Å–æ–±—ñ —Å–∞—Ä–∫–∞–∑–º,930000824
16,141801,2023-12-02,"–í—Å—ñ —Ö—Ç–æ –ø—Ä–æ—Ç–∏ –∑–µ–ª–µ–Ω—Å—å–∫–æ–≥–æ - –ø–æ—Ä–æ—Ö–æ–±–æ—Ç–∏.  –ù–µ —ñ—Å–Ω—É—î –Ω—ñ –≤—ñ–π–Ω–∏, –Ω—ñ –ø—Ä–æ–±–ª–µ–º –≤ –∫—Ä–∞—ó–Ω—ñ, –Ω—ñ –∫–æ—Ä—É–ø—Ü—ñ—ó, –Ω—ñ —É–∑—É—Ä–ø–∞—Ü—ñ—ó –≤–ª–∞–¥–∏ —î—Ä–º–∞–∫–æ–º, –∞ —Ç—ñ–ª—å–∫–∏ –∑–µ–ª–µ–Ω—Å—å–∫–∏–π —Ç–∞ –ø—Ä–æ–∫–ª—è—Ç—ñ –ø–æ—Ä–æ—Ö–æ–±–æ—Ç–∏, —è–∫—ñ –≤–∏–Ω–Ω—ñ —É –≤—Å—å–æ–º—É (–Ω–∞–≤—ñ—Ç—å —É –í–µ–ª–∏–∫–æ–º—É –í–∏–±—É—Ö—É) —Ç–∞ –ø–æ–ª—é–±–æ–º—É –∑–∞ –æ–¥–Ω–æ —ñ–∑ –∫—Ä–µ–º–ª–µ–º —Ç–∞ –∞—Ä—Ö—ñ–ø—É—Ç—ñ–Ω–æ–º üòÇ",228716502
16,141817,2023-12-02,"–¶–µ —è–∫—ñ—Å—å –Ω–∞—ó–∑–¥ –Ω–∞ –º–µ–Ω–µ —á–∏ –ø—Ä–æ—Å—Ç–æ —Ç–∞–∫? –Ø –∂ –Ω—ñ –¥–µ –Ω–µ –≥–æ–≤–æ—Ä–∏–≤ —Ö—Ç–æ —è,–¥–ª—è –º–µ–Ω–µ –Ω–∞–π–±—ñ–ª—å—à–∏–π –≤–æ—Ä–æ–≥ –ø—ñ—Å–ª—è —Ä–æ—Å—ñ—è–Ω —Ü–µ –¢–∞—Ç–∞—Ä–æ–≤-–Ñ—Ä–º–∞–∫ —Ç–∞ –ø–æ–≤'—è–∑–∞–Ω—ñ –∑ –Ω–∏–º –ª—é–¥–∏.",964439441
16,141818,2023-12-02,"–ù—ñ –ø–∞–Ω–µ, —Ü–µ —Å–∞—Ä–∫–∞–∑–º. –ê–Ω–∞–ª–æ–≥—ñ—á–Ω–∞ —Å–∏—Ç—É–∞—Ü—ñ—è —ñ–∑ —Ç–∞—Ç–∞—Ä–æ–≤–∏–º-—î—Ä–º–∞–∫–æ–º. –¢—ñ –ø–æ—Ç–≤–æ—Ä–∏ –∫–∞–∂—É—Ç—å —â–æ –≤—Å—ñ —Ö—Ç–æ —ó—Ö –∫—Ä–∏—Ç–∏–∫—É—î —Ç–æ –ø–æ—Ä–æ—Ö–æ–±–æ—Ç–∏",228716502
17,141744,2023-12-02,"–ù—É –≤—Å–µ, –Ω–µ –¥–∞–ª–∏ –ü–æ—Ä–æ—à–µ–Ω–∫—É –∑ –û—Ä–±–∞–Ω–æ–º –∑—É—Å—Ç—Ä—ñ—Ç–∏—Å—è, —Ç–µ–ø–µ—Ä, –ø–∏—à—É—Ç—å, —â–æ –£–≥–æ—Ä—â–∏–Ω–∞ –≤–∂–µ –Ω–µ –ø—É—Å–∫–∞—î —Ñ—É—Ä–∏, —â–æ —Ä–æ–∑–≤–µ—Ä–Ω—É–ª–∏—Å—è –∑—ñ –°–ª–æ–≤–∞—á—á–∏–Ω–∏ —ñ —Ö–æ—Ç—ñ–ª–∏ —ó—Ö–∞—Ç–∏ —á–µ—Ä–µ–∑ –£–≥–æ—Ä—â–∏–Ω—É. –®–∞—Ö —ñ –º–∞—Ç, –∑–µ–ª–µ–±–æ–±–∏ üê∏, –∫–æ–º—É –≥—ñ—Ä—à–µ –≤—ñ–¥ —Ü—å–æ–≥–æ –∑—Ä–æ–±–∏–ª–∏, –ø—Ä–æ—Å—Ç–∏–º —É–∫—Ä–∞—ó–Ω—Ü—è–º. 
–°–∞—Ä–∫–∞–∑–º, —è–∫—â–æ —à–æ, –∞–ª–µ —è–∫—â–æ —Å–µ—Ä–π–æ–∑–Ω–æ —Ç–æ —è–∫–∞—Å—å –º—É—Ç–Ω–∞ —Ç–µ–º–∞ –∑ –∑–∞–±–æ—Ä–æ–Ω–æ—é –Ω–∞ –≤–∏—ó–∑–¥, —â–æ —è–≤–Ω–æ –º–∞—î –ø–æ–ª—ñ—Ç–∏—á–Ω–∏–π –∑–∞–ø–∞—Ö üí©",1218417005
18,140730,2023-11-30,—è–∫–∞ –Ω–µ—Å–ø–æ–¥—ñ–≤–∞–Ω–∫–∞ (—Å–∞—Ä–∫–∞–∑–º),346504002
19,138744,2023-11-24,–¶–µ —á—É–¥–æ–≤–æ! –ë–µ–∑ —Å–∞—Ä–∫–∞–∑–º—É! –ë–æ –Ω–µ –º–∞—î —Å–∏–ª –Ω–∞ —Ü–∏—Ö ''–ª—é–±—ñ—Ç—î–ª—î–π –≤—ñ–ª—ñ–∫–∞–≥–∞ –ø–∞–º–ø—É—à–∫—ñ–Ω–∞'',466866602
20,134753,2023-11-15,–ê —â–æ —Ä–æ—Å—ñ–π—Å—å–∫–æ–º–æ–≤–Ω—ñ —É–∫—Ä–∞—ó–Ω—Ü—ñ —ó—Ö –≤–±–∏–≤–∞—é—Ç—å –≤–æ–Ω–∏ –Ω–µ –ø–∏—à—É—Ç—å? –ê —â–æ –∂ —Ç–∞–∫? –¶—é –∂ —ñ–Ω—Ñ–æ—Ä–º–∞—Ü—ñ—é –Ω–∞—á–µ –Ω—ñ—Ö—Ç–æ –Ω–µ –ø—Ä–∏—Ö–æ–≤—É—î.,668925216
20,134756,2023-11-15,"–û–∫—Å–∞–Ω–∞, –ø–µ—Ä–µ—Ñ—Ä–∞–∑—É–π—Ç–µ. –ê–±—Å–æ–ª—é—Ç–Ω–æ –Ω–µ —Ä–æ–∑—É–º—ñ—é –≤ —á–æ–º—É –≤–∞—à–µ –ø–∏—Ç–∞–Ω–Ω—è.",833287683
20,134763,2023-11-15,"–ú—ñ–π –∫–æ–º–µ–Ω—Ç–∞—Ä —Å—Ç–æ—Å—É–≤–∞–≤—Å—è –æ—Å—Ç–∞–Ω–Ω—å–æ—ó —Ä–µ–ø–ª—ñ–∫–∏ —É –≤–∞—à–æ–º—É –∂ –∫–æ–º–µ–Ω—Ç–∞—Ä—ñ. –Ø–∫—â–æ –≤–∏ –Ω–µ –∑—Ä–æ–∑—É–º—ñ–ª–∏ –¥–æ —á–æ–≥–æ –±—É–≤ –º—ñ–π —Å–∞—Ä–∫–∞–∑–º, —Ç–æ —ñ –Ω–µ—Ö–∞–π.",668925216
21,131901,2023-11-09,–ü—Ä–æ—Å—Ç–æ –≤–∏ –º–æ–∂–µ –Ω–µ –¥–æ –∫—ñ–Ω—Ü—è —Ä–æ–∑—É–º—ñ—î—Ç–µ —è–∫–µ —Ç–æ–∫—Å–∏—á–Ω–µ —Å–µ—Ä–µ–¥–æ–≤–∏—â–µ —Ü–µ–π —Ñ—É—Ç–±–æ–ª.,462161629
21,131902,2023-11-09,"–ë–µ–∑—É–º–æ–≤–Ω–æ, —Ü—è –∂—ñ–Ω–∫–∞ –Ω—ñ—á–æ–≥–æ –Ω–µ —Ä–æ–∑—É–º—ñ—î, —ñ —è —Ç–µ–∂. –í–æ–Ω–∞ –≤—Å–µ –¥–∏—Ç–∏–Ω—Å—Ç–≤–æ —ñ —é–Ω—ñ—Å—Ç—å –∂–∏–ª–∞ —É –∫–∞–∑—Ü—ñ. –ß–∏, –¥—É–º–∞—î—Ç–µ, –∂—ñ–Ω–æ—á–∏–π —Ñ—É—Ç–±–æ–ª –º–µ–Ω—à —Ç–æ–∫—Å–∏—á–Ω–∏–π ?",478106645
21,131904,2023-11-09,"—Ç–∏—Ü–ø—î—Ä–¥–∏—Ü.
–ù—É —Ç–æ–¥—ñ —á–æ–≥–æ —Å–∞—Ä–∫–∞–∑–º —Ç–∞–∫–∏–π, —Ä–∞–∑ –≤–∏ –≤—Å–µ —Ä–æ–∑—É–º—ñ—î—Ç–µ?",462161629
22,131687,2023-11-09,"–Ω—É –¥–∞ –∑–±—Å —É –Ω–∞—Å –µ–∫–æ–Ω–æ–º—ñ—á–Ω–∏–π –ø—ñ–¥–π–æ–º –∂–µ, –∑–∞—Ä–∞–∑ –≤—Å—ñ –£–∫—Ä–∞—ó–Ω—Ü—ñ —Å—Ç–∞–ª–∏ –±–∞–≥–∞—Ç—à—ñ —ñ –º–∞—é—Ç—å –º–æ–∂–ª–∏–≤—ñ—Å—Ç—å –ø–µ—Ä–µ–π—Ç–∏ –Ω–∞ –ø–ª–∞—Ç–Ω—ñ —Å–µ—Ä–≤—ñ—Å–∏. –°–∞—Ä–∫–∞–∑–º. –î–æ –≤—ñ–π–Ω–∏ –ø–µ—Ä–µ–¥–ø–ª–∞—á—É–≤–∞–≤ NETFLIX —Ç–∞ Deezer. –¢–µ–ø–µ—Ä –≤—ñ–¥–º–æ–≤–∏–≤—Å—è –≤—ñ–¥ —Ü—å–æ–≥–æ —ñ –±–∞–≥–∞—Ç–æ —ñ–Ω—à–æ–≥–æ –Ω–∞ –∫–æ—Ä–∏—Å—Ç—å –¥–æ–Ω–∞—Ç—ñ–≤ –Ω–∞ –ó–°–£.

–¥–æ–≤–±–æ–π–æ–±–∏ü§¶‚Äç‚ôÇÔ∏èü§¶‚Äç‚ôÇÔ∏èü§¶‚Äç‚ôÇÔ∏è",327049203
23,130989,2023-11-08,"–í —è–∫–æ–º—É —Å–µ–Ω—Å—ñ? –ö–æ—Ä–æ–Ω–∏ –Ω–µ —ñ—Å–Ω—É—î, —Ç–æ —Ä–µ–ø—Ç—ñ–ª–æ—ó–¥–∏ –≤–∏–≥–∞–¥–∞–ª–∏

–¢–∞–∫ —â–æ –ø–æ–º–µ—Ä—Ç–∏ –ø—ñ–¥ –≤–µ–Ω—Ç–∏–ª—è—Ü—ñ—î—é –ª–µ–≥–µ–Ω—ñ–≤ –Ω–µ–º–æ–∂–ª–∏–≤–æ",312138827
23,130996,2023-11-08,"–î–µ–±—ñ–ª, –º–∞–±—É—Ç—å,  –≤ —Ç–µ–±–µ –Ω—ñ—Ö—Ç–æ –∑ —Ä—ñ–¥–Ω–∏—Ö —Ç–∞–∫ –Ω–µ –ø–æ–º–µ—Ä",2043501275
23,131055,2023-11-08,—Ü–µ –±—É–≤ —Å–∞—Ä–∫–∞–∑–º,237922005
24,130989,2023-11-08,"–í —è–∫–æ–º—É —Å–µ–Ω—Å—ñ? –ö–æ—Ä–æ–Ω–∏ –Ω–µ —ñ—Å–Ω—É—î, —Ç–æ —Ä–µ–ø—Ç—ñ–ª–æ—ó–¥–∏ –≤–∏–≥–∞–¥–∞–ª–∏

–¢–∞–∫ —â–æ –ø–æ–º–µ—Ä—Ç–∏ –ø—ñ–¥ –≤–µ–Ω—Ç–∏–ª—è—Ü—ñ—î—é –ª–µ–≥–µ–Ω—ñ–≤ –Ω–µ–º–æ–∂–ª–∏–≤–æ",312138827
24,130996,2023-11-08,"–î–µ–±—ñ–ª, –º–∞–±—É—Ç—å,  –≤ —Ç–µ–±–µ –Ω—ñ—Ö—Ç–æ –∑ —Ä—ñ–¥–Ω–∏—Ö —Ç–∞–∫ –Ω–µ –ø–æ–º–µ—Ä",2043501275
24,131001,2023-11-08,–¶–µ —Å–∞—Ä–∫–∞–∑–º —É –Ω—å–æ–≥–æ —Ç–∞–∫–∏–π,596128398
25,130075,2023-11-06,,409784082
26,130073,2023-11-06,"–û–∫, —É —Ç–∞–∫—ñ —á–∞—Å–∏ –ø—Ä–æ—Å—Ç–æ —Å–∫–ª–∞–¥–Ω–æ –≤—ñ–¥—Ä—ñ–∑–Ω–∏—Ç–∏ —Å–∞—Ä–∫–∞–∑–º, —Ç–∞–∫ —â–æ —Å–æ—Ä—Ä—ñ",615145528
27,130064,2023-11-06,,409784082
28,128993,2023-11-04,–ë–æ–∂–µ—á–∫—É —á–æ–º—É –≤ –Ω–∞—Å –∫–æ—Ä—É–ø—Ü—ñ–æ–Ω–µ—Ä–∏ —Ç–∞–∫—ñ –¥–µ–±—ñ–ª–∏ ü§¶,1292717707
28,128996,2023-11-04,"–ê—Ö–∞—Ö–∞, —è–∫—Ä–∞–∑ —Ç–∞–∫–∏ –Ω–∞–≤–ø–∞–∫–∏ - —á–æ–º—É –º–∏, –≥—Ä–æ–º–∞–¥—è–Ω–∏, —Ç–∞–∫—ñ –¥–µ–±—ñ–ª–∏, –Ω–µ –≤–∏–Ω–æ—Å–∏–º–æ –Ω#—Ö—É–π —ó—Ö–Ω—ñ –¥–æ—ñ—Å—Ç–æ—Ä–∏—á–Ω—ñ –ø–µ—á–µ—Ä–∏, –Ω–µ œÄ–∑–¥–∏–º–æ —ó—Ö –≤ —Ç–µ–º–Ω–∏—Ö –ø—ñ–¥'—ó–∑–¥–∞—Ö, –Ω–µ —Ä–æ–∑–Ω–æ—Å–∏–º–æ —ñ —à–∞–Ω—Ç–∞–∂—É—î–º–æ —ó—Ö–Ω—ñ—Ö –≤–∏–±–ª—è–¥–∫—ñ–≤-—Ä—ñ–¥–Ω—é. –í–æ–Ω–∏ - –∫—Ä–∞—Å–∞–≤—á–∏–∫–∏ (–Ω–∞ —ó—Ö–Ω—é –¥—É–º–∫—É), –º–∏ - —Å–æ—Ü—ñ–∞–ª—å–Ω—ñ —ñ –ø–æ–ª—ñ—Ç–∏—á–Ω—ñ —ñ–º–ø–æ—Ç–µ–Ω—Ç–∏.",387056569
28,129002,2023-11-04,"–Ñ —Ç–∞–∫–µ –ø—Ä–∏—Å–ª—ñ–≤'—è - –±–∏—Ç–∏ –ª—é–¥–µ–π –Ω–µ –º–æ–∂–Ω–∞, –∑–∞–ª–∏—à–∞—î—Ç—å—Å—è —Å–∞—Ä–∫–∞–∑–º ... –ê–ª–µ —ñ–¥–µ—ó –≤—ñ–≥—ñ–ª–∞–Ω—Ç–∏–∑–º—É –º–µ–Ω—ñ –±–ª–∏–∑—å–∫—ñ ... –û–¥–Ω–∞–∫ —Ü–µ –¥—ñ–π—Å–Ω–æ –º–∞—î –±—É—Ç–∏ —é–≤–µ–ª—ñ—Ä–Ω–æ - —Ç–µ–º–Ω—ñ –ø—ñ–¥'—ó–∑–¥–∏, –∑—ñ–ø—Å–æ–≤–∞–Ω–µ –º–∞–π–Ω–æ –≤–∏–Ω–∏–∫–Ω–µ–Ω–Ω—è —è–∫–æ–≥–æ —Ç–∞–∫—ñ –ª—é–¥–∏ –Ω–µ –º–æ–∂—É—Ç—å –ø–æ—è—Å–Ω–∏—Ç–∏ —á–∏ –Ω–µ –≤–Ω–æ—Å—è—Ç—å —É –¥–µ–∫–ª–∞—Ä–∞—Ü—ñ—ó, –∫–µ–Ω—Å–µ–ª—ñ–Ω–≥ –∑ –±–æ–∫—É —Å—É—Å–ø—ñ–ª—å—Å—Ç–≤–∞...

–°–≤–æ–≥–æ —á–∞—Å—É –¥–∏–≤—É–≤–∞–≤—Å—è (–¥–µ—Å—å –≤ 2017-18 —Ä–æ–∫–∞—Ö) —á–æ–º—É —Ç–∞–∫–∞ —ñ—Å—Ç–æ—Ç–∞ —è–∫ –¥—É–±—ñ–Ω—Å—å–∫–∏–π - —Å–ø–æ–∫—ñ–π–Ω–æ –∫—É–ø–ª—è—î –∫–∞–≤—É, —Ö–æ–¥–∏—Ç—å –≤ –º–∞–≥–∞–∑–∏–Ω–∏, –≤—ñ–¥–≤—ñ–¥—É—î –∫–∞—Ñ–µ —ñ —Å–ø–æ—Ä—Ç–∑–∞–ª–∏... –û–∫–µ–π - —Å–∫–ª–∞–¥–Ω–æ –∫–µ–Ω—Å–µ–ª–∏—Ç—Ç –∫–æ–ª–∏ —Ç–∏ —Å–∞–º —Ç–∞–º –ø—Ä–∞—Ü—é—î—à —ñ —Ç–∞–∫–µ –±–∏–¥–ª–æ - —Ç–≤—ñ–π –∫–ª—ñ—î–Ω—Ç, —è —Ü–µ —Ä–æ–∑—É–º—ñ—é, –∞–ª–µ —á–æ–º—É —ñ–Ω—à–∏–π –≤—ñ–¥–≤—ñ–¥—É–≤–∞—á –Ω–µ —Ö–∞—Ä–∫–Ω–µ –π–æ–º—É —É –∫–∞–≤—É, –Ω–µ —à—Ç–æ–≤—Ö–Ω–µ —á–∏ –æ–±—ñ–ª—å—î ""–≤–∏–ø–∞–¥–∫–æ–≤–æ"" —ñ —Ç.–¥. 

–ö–æ–ª–∏—Å—å —É –∫—Ä—É—Ç–æ–º—É –¢–¶ –∑—É—Å—Ç—Ä—ñ–≤ —é—Ä—É –º—ñ—Ä–æ—à–Ω—ñ—á—î–Ω–∫–∞ - –µ–∫—Å-—Ä—î–≥—ñ–∞–Ω–∞–ª–∞ —è–∫–∏–π –ø–ª–∞–∫–∞–≤ –ø–æ –ù–µ–±–µ—Å–Ω—ñ–π —Å–æ—Ç–Ω—ñ... –°–∫–∞–∑–∞–≤ –π–æ–º—É –∫—ñ–ª—å–∫–∞ —Ä–µ—á–µ–Ω—å, —Ç–∞–∫ –±–µ–∑ –º–∞—Ç—ñ–≤ —ñ –ø–æ–≥—Ä–æ–∑ - –∞–ª–µ –≤–µ—á—ñ—Ä –Æ—Ä—ñ –±—É–ª–æ –∑—ñ–ø—Å–æ–≤–∞–Ω–æ —â–æ –±—É–ª–æ –≤–∏–¥–Ω–æ –ø–æ –π–æ–≥–æ –æ–±–ª–∏—á—á—é —ñ –æ–±–ª–∏—á—á—é –π–æ–≥–æ –µ–ª—ñ—Ç–Ω–æ—ó —à–º–∞—Ä–∏",923826077
29,128160,2023-11-02,,1671286352
30,128150,2023-11-02,,361218103
31,128097,2023-11-02,"–û–≥–æ —è–∫ —à–≤–∏–¥–∫–æ –°–ë–£ –ø—Ä–∞—Ü—é—î

(—Å–∞—Ä–∫–∞–∑–º)",361218103
32,126312,2023-10-29,–ù–µ—Å–ø–æ–¥—ñ–≤–∞–Ω–æ ‚Ä¶ (—Å–∞—Ä–∫–∞–∑–º),418425092
33,126245,2023-10-28,–ë–µ–∑ Bihus –Ω–µ –º–æ–≥–ª–∏ —Ä–æ–∑—ñ–±—Ä–∞—Ç–∏—Å—è*? –°–∞—Ä–∫–∞–∑–º. –î—è–∫—É—é –∫–æ–º–∞–Ω–¥—ñ Bihus,369875008
34,124338,2023-10-25,"–ó–∞ –≤–µ–ª–æ–¥–æ—Ä—ñ–∂–∫–∏ –≤—ñ–¥–ø–æ–≤—ñ–¥–∞—î –º—ñ—Å—Ü–µ–≤–∞ –≤–ª–∞–¥–∞. –ê —Ç—É—Ç –ø—Ä–µ—Ç–µ–Ω–∑—ñ—ó —Å–∞–º–µ –¥–æ –£–ó. –ë–æ –∂—ñ–Ω–æ—á—ñ –∫—É–ø–µ - —Ü–µ –ø—ñ–∞—Ä, –∞ —Å–ø–µ—Ü–≤–∞–≥–æ–Ω–∏ –¥–ª—è –ª—é–¥–µ–π –∑ –≤–µ–ª–æ—Å–∏–ø–µ–¥–∞–º–∏ –¥—ñ–π—Å–Ω–æ –ø–æ—Ç—Ä—ñ–±–Ω—ñ.",1408223358
34,124367,2023-10-25,"–ü–æ–≥–æ–¥–∂—É—é—Å—å –∑ —É—Å—ñ–º–∞, –æ–∫—Ä—ñ–º ¬´–ø—ñ–∞—Ä—É¬ª. –¶–µ –ø–æ–ø–∏—Ç. –Ñ –ø–æ–ø–∏—Ç - –æ—Å—å –ø—Ä–æ–ø–æ–∑–∏—Ü—ñ—è. 
–î—É–º–∞—é, —è–∫—â–æ –≤–µ–ª–æ—Å–∏–ø–µ–¥–∏—Å—Ç–∏ –º–∞—Å–æ–≤–æ –¥–∞–¥—É—Ç—å –∑–Ω–∞—Ç–∏ –ø—Ä–æ —Å–≤–æ—ó –ø—Ä–æ–±–ª–µ–º–∏/–ø–æ—Ç—Ä–µ–±–∏, —è–∫ —Ü–µ –∑—Ä–æ–±–∏–ª–∏ –∂—ñ–Ω–∫–∏, –≤—ñ—Ä—é, —â–æ —É –º–∞–π–±—É—Ç–Ω—å–æ–º—É –¥–æ—á–µ–∫–∞—î–º–æ—Å—å —ñ –Ω–∞ –≤–∏—Ä—ñ—à–µ–Ω–Ω—è –ø–∏—Ç–∞–Ω–Ω—è –∑ –≤–µ–ª–æ—Å–∏–ø–µ–¥–∞–º–∏.",34447764
34,124382,2023-10-25,"–ë—É–ª–∞ –≤–∂–µ –Ω–∞–≤—ñ—Ç—å –ø–µ—Ç–∏—Ü—ñ—è –Ω–∞ —Ü—é —Ç–µ–º—É. –ê–ª–µ –∑–≤—ñ—Å–Ω–æ, –∂—ñ–Ω–æ—á—ñ –∫—É–ø–µ –∫–æ—Ä–∏—Å—Ç—É—é—Ç—å—Å—è –±—ñ–ª—å—à–∏–º –ø–æ–ø–∏—Ç–æ–º (—Å–∞—Ä–∫–∞–∑–º).",1408223358
35,120087,2023-10-13,"–¢–æ –±—É–≤ —Å–∞—Ä–∫–∞–∑–º) —Ç–∞–∫, –Ω–∞ –≤—Å—è–∫–∏–π –≤–∏–ø–∞–¥–æ–∫...",554026648
36,118127,2023-10-09,"—Ü–µ –±—É–≤ —Å–∞—Ä–∫–∞–∑–º, –≤–∫—ñ–Ω—Ü—ñ —Ä–µ—á–µ–Ω–Ω—è - )",511096586
37,117648,2023-10-08,–°–∞—Ä–∫–∞–∑–º —á–∏ –±—É–ª–æ —Ç–∞–∫–µ?,179960503
38,116627,2023-10-07,"—Ç–∏ —ñ–¥—ñ–æ—Ç? (–Ω–∞—Å–ø—Ä–∞–≤–¥—ñ —è —ñ–¥—ñ–æ—Ç, –±–æ –º–µ–Ω—ñ –±—É–ª–æ –Ω–µ –æ—á–µ–≤–∏–¥–Ω–æ)",125652146
38,116629,2023-10-07,–ó–∞—Ä–∞–∑ –≤–∏–ø—Ä–∞–≤–ª—é,462161629
38,116632,2023-10-07,"—Ç–µ–ø–µ—Ä —è –¥—É–º–∞—é, —Ü–µ –±—É–≤ —Å–∞—Ä–∫–∞–∑–º, —á–∏ –Ω—ñ?",125652146
39,116620,2023-10-07,"–Ø–∫ —Ö—É–π–æ–≤–æ —à–æ –°–®–ê –Ω–∞–º –Ω—ñ—á–æ–≥–æ –Ω–µ –¥–∞—é—Ç—å. 

–°–∞—Ä–∫–∞–∑–º, –±–æ –∫–æ–º—É—Å—å –Ω–µ –æ—á–µ–≤–∏–¥–Ω–æ*",462161629
40,116379,2023-10-07,"–¢—Ä–µ–±–∞ –∂ –¥–æ–º–æ–≤–ª—è—Ç–∏—Å—è, –¥–ª—è —á–æ–≥–æ –≤–æ–Ω–∏ –±'—é—Ç—å —É –≤—ñ–¥–ø–æ–≤—ñ–¥—å üò±–ø–æ—Ç—Ä—ñ–±–Ω—ñ –º–∏—Ä–Ω—ñ –ø–µ—Ä–µ–≥–æ–≤–æ—Ä–∏",534391368
40,116421,2023-10-07,–ê —â–æ –∂ –º–∏ –Ω–µ –π–¥–µ–º –Ω–∞ –ø–µ—Ä–µ–≥–æ–≤–æ—Ä–∏ –∑ –ø—É–π–ª–æ–º?,332127013
40,116429,2023-10-07,–ù—ñ–±–∏ –∂ –æ—á–µ–≤–∏–¥–Ω–æ —â–æ —Ü–µ –±—É–≤ —Å–∞—Ä–∫–∞–∑–º,534391368
41,112066,2023-09-26,–°–ø–æ–¥—ñ–≤–∞—é—Å—å —Ü–µ —Å–∞—Ä–∫–∞–∑–º.,1052166824
42,111633,2023-09-26,6-7 –¥—ñ—Ç–µ–π –∑–∞ –¥–≤–∞ —Ä–æ–∫–∏? –û–∫,5879771985
42,111717,2023-09-26,"6-7 –¥—ñ—Ç–µ–π –∑–∞ 2 —Ä–æ–∫–∏, —Ü–µ —â–æ –∂—ñ–Ω–∫–∞-–∫—ñ—à–∫–∞?",433323400
42,111767,2023-09-26,–¶–µ –±—É–≤ —Å–∞—Ä–∫–∞–∑–º :(,5879771985
43,111484,2023-09-25,"–°–µ—Ä–π–æ–∑–Ω–æ? –¢—Ä–µ–±–∞ –∂, —è–∫ –Ω–µ–æ—á—ñ–∫—É–≤–∞–Ω–æ (—Å–∞—Ä–∫–∞–∑–º), —è–∫–∞ –Ω–æ–≤–∞ —ñ–Ω—Ñ–æ—Ä–º–∞—Ü—ñ—è",398918830
44,108975,2023-09-20,"–ë–æ –Ω–µ –º–æ–∂–Ω–∞ –º—Å—Ç–∏—Ç—å, –ø–æ–≤–∏–Ω–Ω—ñ –º–∏ –ª—é–±–∏—Ç–∏
–£—Å—ñ—Ö –Ω—î–±—î–Ω–∑—å, –∑–ª–æ–¥—ñ—ó–≤, —É–±–∏–≤—Ü—å. 
–ë–æ –∫–æ–∂–µ–Ω –∑ –Ω–∏—Ö - –Ω–∞—Ä–æ–¥, –≤—Å—ñ –±–∞–≥–∞–Ω–æ—Å—Ü—ñ.",415429242
44,108977,2023-09-20,–¶–µ –∂ –∂–∞—Ä—Ç?,727331128
44,108980,2023-09-20,"—Ü–µ –õ–µ—Å—å, –≤ –¥–∞–Ω–æ–º—É –∫–æ–Ω—Ç–µ–∫—Å—Ç—ñ - —Å–∞—Ä–∫–∞–∑–º",69030344
45,108541,2023-09-20,"–î–µ –º–∏ —Ö–æ—á–µ–º–æ- —Ü–µ –æ–¥–Ω–µ, –∞ —Ä–µ–∞–ª—å–Ω—ñ—Å—Ç—å —Ç–∞–∫–∞, —â–æ –¥–æ–±—Ä–æ–≤–æ–ª—å—Ü—ñ–≤ –¥—É–∂–µ –º–∞–ª–æ, –∞ –≤–æ—é–≤–∞—Ç–∏ —Ç—Ä–µ–±–∞. –Ø –Ω–µ –≤–∏–ø—Ä–∞–≤–¥–æ–≤—É—é –¥—ñ—ó –≤–æ—î–Ω–∫–æ–º—ñ–≤, –∞–ª–µ –Ω–æ—Å–∏—Ç–∏—Å—è –∑ —É—Ö–∏–ª—è–Ω—Ç–∞–º–∏, —è–∫ –∑ –≥—Ä—É–¥–Ω—ñ—á–∫–∞–º–∏ –Ω—ñ—Ö—Ç–æ –Ω–µ –±—É–¥–µ. –í –∫–æ–∂–Ω–æ–≥–æ —Å–≤–æ—ó –∑–∞–¥–∞—á—ñ. –î–µ –≤–æ–Ω–∏ –º–∞—é—Ç—å –±—Ä–∞—Ç–∏ –ª—é–¥–µ–π —è–∫—â–æ –≤—Å—ñ –ø–æ–≤—Ç—ñ–∫–∞–ª–∏? –ê —è–∫—â–æ –Ω–µ –±—É–¥–µ –∫–æ–º—É –≤–æ—é–≤–∞—Ç–∏, —Ç–æ —â–æ —Ç–æ–¥—ñ? –ó–¥–∞–≤–∞—Ç–∏—Å—è? 
–©–æ–± –Ω–µ –ø–æ—Ä—É—à—É–≤–∞—Ç–∏ –≤–µ—Ä—Ö–æ–≤–µ–Ω—Å—Ç–≤–æ –ø—Ä–∞–≤–∞?",483218614
45,108595,2023-09-20,–ü–∞–Ω—ñ –∑ –æ–∫–æ–ø—É –ø–∏—à–µ?,938972310
45,108636,2023-09-20,–ù–µ–¥–æ—Ä–µ—á–Ω–∏–π —Å–∞—Ä–∫–∞–∑–º. –í –æ–∫–æ–ø—ñ –º—ñ–π —á–æ–ª–æ–≤—ñ–∫ —ñ —Å—Ç–∞—Ä—à–∏–π —Å–∏–Ω.,483218614
46,108612,2023-09-20,"—è–∫–∏–π —Å–µ–Ω—Å –Ω–∞–º –∑–Ω–∞—Ç–∏, —â–æ —á–º–æ–±—ñ–∫–∏, —â–æ –∑–≤—ñ–ª—å–Ω–∏–ª–∏—Å—å –±—É–¥—å-–¥–µ —É —Å–≤—ñ—Ç—ñ, –ø–æ—Ç–µ–Ω—Ü—ñ–π–Ω–æ –º–æ–∂—É—Ç—å –ø–æ—Ç—Ä–∞–ø–∏—Ç–∏ –Ω–∞ —É–∫—Ä–∞—ó–Ω—Å—å–∫–æ-—Ä–æ—Å—ñ–π—Å—å–∫–∏–π —Ñ—Ä–æ–Ω—Ç?
–¶–µ –ø—Ä–æ—Å—Ç–æ —Ñ–ª—É–¥. –ù–µ –≤–∞—Ä—Ç–æ –≤–∞–º –Ω–∞–º–∞–≥–∞—Ç–∏—Å—å –æ—Ü—ñ–Ω–∏—Ç–∏ –º–æ—ó –∫–æ–≥–Ω—ñ—Ç–∏–≤–Ω—ñ –º–æ–∂–ª–∏–≤–æ—Å—Ç—ñ. –í–∏ —Ö–æ—Ç—ñ–ª–∏, –∞–ª–µ —É –≤–∞—Å –Ω–µ –≤–∏–π—à–ª–æ.",366738642
46,108613,2023-09-20,–Ø–∫—Ä–∞–∑ –Ω–∞–º –ø–æ—Ç—Ä—ñ–±–Ω–æ –∑–Ω–∞—Ç–∏ —á–∏ –∑–±—ñ–ª—å—à–∏–ª–∞—Å—å –∫—ñ–ª—å–∫—ñ—Å—Ç—å —á–º–æ–±—ñ–∫—ñ–≤ .—Ñ–ª—É–¥ —á–∏ –Ω–µ —Ñ–ª—É–¥ –Ω–µ –≤–∞–º —Å—É–¥–∏—Ç–∏. –ê –ø–æ —Ü—å–æ–º—É –æ—Å—Ç–∞–Ω—å–æ–º—É –≤–∏—Å–µ—Ä—É –ø—Ä–æ –≤–∞—à—ñ —Ä–æ–∑—É–º–æ–≤—ñ –∑–¥—ñ–±–Ω–æ—Å—Ç—ñ —è –≤–∂–µ –æ—Ü—ñ–Ω–∫—É –∑—Ä–æ–±–∏–≤. –ü–æ–≤—ñ—Ä—Ç–µ –≤–æ–Ω–∞ –Ω–µ –ø–æ–∑–∏—Ç–∏–≤–Ω–∞. –¢–æ–º—É –ø–æ–ø—Ä–æ—à—É –ø–µ—Ä–µ—Å—Ç–∞—Ç–∏ –º–µ–Ω—ñ –Ω–∞–ø–∏—Å—É–≤–∞—Ç–∏ –≤–∞—à—ñ —Ç—É–ø—ñ –ø–æ–≤—ñ–¥–æ–º–ª–µ–Ω–Ω—è –∞–±–æ –∑–º—É—à–µ–Ω—É–π –±—É–¥—É –≤–∞—Å –∑–∞–±–ª–æ–∫—É–≤–∞—Ç–∏ –¥–ª—è —Å–µ–±–µ,678233014
46,108615,2023-09-20,"–≤–∞–º —Ç—Ä–µ–±–∞ –∑–±–µ—Ä—ñ–≥–∞—Ç–∏ —ñ–Ω—Ñ–æ—Ä–º–∞—Ü—ñ–π–Ω—É —Ç–∏—à—É —ñ –¥–æ–ø–æ–º–∞–≥–∞—Ç–∏ –∞—Ä–º—ñ—ó —Ç–∞ —Å–ø—ñ–≤–≥—Ä–æ–º–∞–¥—è–Ω–∞–º, —è–∫—ñ —Ü—å–æ–≥–æ –ø–æ—Ç—Ä–µ–±—É—é—Ç—å —ñ —è–∫–∏–º –≤–∏ —Ä–µ–∞–ª—å–Ω–æ –º–æ–∂–µ—Ç–µ –¥–æ–ø–æ–º–æ–≥—Ç–∏. –¶–µ –≤—Å–µ, —â–æ –≤—ñ–¥ –≤–∞—Å –≤–∏–º–∞–≥–∞—î—Ç—å—Å—è.
–ó—Ä–∞–¥–∏ –≤—ñ–¥ –≤–∞—Å –Ω—ñ–∫–æ–º—É –Ω–µ —Ç—Ä–µ–±–∞, –±–æ –æ–∫—Ä—ñ–º —Ç–æ–≥–æ, —à–æ –≤–∏ —Ä–æ–∑–ø–æ–≤—Å—é–¥–∂—É—î—Ç–µ —ñ–Ω—Ñ–æ—Ä–º–∞—Ü—ñ—é, —è–∫–∞ –ª–∏—à–µ –ø–æ—Ç–µ–Ω—Ü—ñ–π–Ω–æ –º–æ–∂–µ –º–∞—Ç–∏ —è–∫–µ—Å—å –ø—ñ–¥“ë—Ä—É–Ω—Ç—è, –∞ –ª—é–¥–∏, —è–∫—ñ —á–∏—Ç–∞—é—Ç—å —Ü–µ, –º–æ–∂—É—Ç—å –∑—Ä–µ–∞–≥—É–≤–∞—Ç–∏ –Ω–∞ –µ–º–æ—Ü—ñ—è—Ö. –í–∏ –ø–æ–≤–æ–¥–∏—Ç–µ—Å—å —è–∫ –∞—Ä–µ—Å—Ç–æ–≤–∏—á –Ω–∞ –º—ñ–Ω—ñ–º–∞–ª–∫–∞—Ö. –¢—ñ–ª—å–∫–∏ —Ç–æ–π –º–∞–Ω—ñ–ø—É–ª—è—Ç–æ—Ä –∑–∞—Ä–æ–±–ª—è—î –Ω–∞ —Å–≤–æ—ó—Ö –≤–∏—Å–µ—Ä–∞—Ö, –∞ –≤–∏ –±–µ–∑–∫–æ—à—Ç–æ–≤–Ω–æ –º–µ–ª–µ—Ç–µ —Ñ—ñ–≥–Ω—é.
–©–µ –π —Å–∞—Ä–∫–∞–∑–º—É –Ω–µ —Ä–æ–∑—É–º—ñ—î—Ç–µ.
–ü–æ–ø—Ä–∞—Ü—é–π—Ç–µ –ø—ñ–¥—ñ—Ç—å –º–æ–∂–µ, —á–∏ —à–æ?",366738642
47,107861,2023-09-19,–Ø –≤–∞—Å –ø—ñ–¥–∞—Ä–∞—Å—ñ–≤ –∑–∞ –≤—î—Ä—Å—Ç—É —á—É—é!,424995338
47,108138,2023-09-19,"–ë–æ–∂–µ, —è–∫–∏–π –∂–µ —Ñ–µ—î—Ä–∏—á–Ω–∏–π –¥–æ–≤–±–æ–π–æ–±...
–¢–∏ –∂–µ –ø—Ä–æ—Å—Ç–æ –Ω—ñ—Ñ—ñ–≥–∞ –Ω–µ –∑–Ω–∞—î—à –≤ —Ü—å–æ–º—É –ø–∏—Ç–∞–Ω–Ω—ñ, –Ω—ñ –ø—Ä–æ –°300, –Ω—ñ —è–∫ —Ä–∞–∫–µ—Ç–∏ –ª—ñ—Ç–∞—é—Ç—å, –Ω—ñ —è–∫—ñ —Ä–∞–∫–µ—Ç–∏ –∑–∞–ª–∏—à–∞—é—Ç—å –≤–æ—Ä–æ–Ω–∫–∏, –Ω—ñ—á–æ–≥–æ. –Ü —â–æ—Å—å –∑ –ø—ñ–Ω–æ—é —É —Ä–æ—Ç–∞ –¥–æ–≤–æ–¥–∏—à —â–æ –≤—Å—ñ –±–æ—Ç–∏ —ñ –∫–∞—Ü–∞–ø–∏ –∞ —Ç–∏ –±—ñ–ª–∏–π –ª–∏—Ü–∞—Ä.
–¢–∏ –∂ —Ç–∞–∫–∏–π —Å–∞–º–∏–π, —è–∫ —ñ –æ—Ä–∫–∏, —è–∫—ñ —Ü–∏—Ç—É—é—Ç—å —Å–æ–ª–æ–≤–π–æ–≤–∞.
0 —Å–≤–æ—ó—Ö –¥—É–º–æ–∫, —Ç—É–ø–æ –ø–æ–≤—Ç–æ—Ä–µ–Ω–Ω—è –ø—Ä–æ–ø–∞–≥–∞–Ω–¥–∏ —ñ –≤—Å–µ.
–ü–°: –Ω–µ –ø–æ–≤—ñ—Ä–∏—Ç–µ, –∑–≤–∏—á–∞–π–Ω–æ –≤–∏–Ω–Ω–∞ —Ä–∞—à–∫–∞. –û—Ñ–∫ –≤–æ–Ω–∞ –≤–∏–Ω–Ω–∞ —ñ –≤ —Ç–æ–º—É –≤–∏–ø–∞–¥–∫—É, —è–∫—â–æ —Ü–µ –Ω–µ—â–∞—Å–Ω–∏–π –≤–∏–ø–∞–¥–æ–∫ —ñ —Ü–µ —Ç–∞–∫–∏ —É–∫—Ä–∞—ó–Ω—Å—å–∫–∞ —Ä–∞–∫–µ—Ç–∞.
–¢–∞–∫ —Å–∞–º–æ —è–∫ —ñ —Ä–∞—à–∫–∞ –≤–∏–Ω–Ω–∞ –≤ —Å–º–µ—Ä—Ç—ñ –¥–≤–æ—Ö –ø–æ–ª—è–∫—ñ–≤ —á–µ—Ä–µ–∑ —É–∫—Ä–∞—ó–Ω—Å—å–∫—É —Ä–∞–∫–µ—Ç—É.",320970922
47,108185,2023-09-19,"–î–æ–≤–±–æ–π–æ–± —Ü–µ —Ç–∏, —è–∫—â–æ –Ω–µ –∑—Ä–æ–∑—É–º—ñ–≤ —â–æ —Ü–µ –±—É–≤ —Å–∞—Ä–∫–∞–∑–º, –±–æ —ó–±–∞–Ω–∞—Ç–∏ –∑–≤–µ—Ä—Ö—É –ø–∏—Å–∞–ª–∏ —â–æ —Ü–µ —Ö–∞—Ä–º, –±—É–∫ —ñ —â–µ —è–∫–∞—Å—å —Ö—É–π–Ω—è",424995338
48,102393,2023-09-09,"–û–±–æ–∂–Ω—é—é –¥–æ–ø–∏—Å–∏ –∑ –ø–æ–∑–∏—Ç–∏–≤–Ω–∏–º–∏ —Ç–∞ –Ω–µ–≥–∞—Ç–∏–≤–Ω–∏–º–∏ –Ω–æ–≤–∏–Ω–∞–º–∏ –≤–æ–¥–Ω–æ—á–∞—Å, –∞–¥–∂–µ —Å—Ç–∞—î –∑—Ä–æ–∑—É–º—ñ–ª–∏–º, —â–æ –∫–æ—Ä–∏—Å—Ç—É–≤–∞—á—ñ, —è–∫—ñ –ø–æ—Å—Ç–∞–≤–∏–ª–∏ ‚ù§Ô∏è - —Ä—É—Å–æ—Ñ—ñ–ª–∏, –±–æ –ø—ñ–¥—Ç—Ä–∏–º—É—é—Ç—å –∑–∞–∫–ª–∏–∫ –ï—Ä–¥–æ–≥–∞–Ω–∞, –∞ –∫–æ—Ä–∏—Å—Ç—É–≤–∞—á—ñ, —è–∫—ñ –ø–æ—Å—Ç–∞–≤–∏–ª–∏ üò° - —Ä–∞—Å–∏—Å—Ç–∏, –±–æ –ø—Ä–æ—Ç–∏ —Ç–æ–≥–æ, —â–æ –Ü–Ω–¥—ñ—è –∑–º—ñ–Ω–∏–ª–∞ –Ω–∞–∑–≤—É, –∞ –ê—Ñ—Ä–∏–∫–∞–Ω—Å—å–∫–∏–π —Å–æ—é–∑ —Å—Ç–∞–≤ –ø–æ—Å—Ç—ñ–π–Ω–∏–º —á–ª–µ–Ω–æ–º G20...",474727790
48,102406,2023-09-09,"–ê —á–æ–º—É –≤–∏ –≤–∏—Ä—ñ—à–∏–ª–∏, —â–æ –ª—é–¥–∏ –ø–æ—Å—Ç–∞–≤–∏–ª–∏ üò° —Å–∞–º–µ –ø—ñ–¥ —Ç—É –Ω–æ–≤–∏–Ω—É, —â–æ –≤–∞–º –∑–∞—Ö–æ—Ç—ñ–ª–æ—Å—å? –ú–æ–∂–µ –≤–æ–Ω–∏ —Ç–∞–∫ –≤–∏—Ä–∞–∑–∏–ª–∏ —Å–≤–æ—î –≤—ñ–¥–Ω–æ—à–µ–Ω–Ω—è –¥–æ –ï—Ä–¥–æ–≥–∞–Ω–∞ —ñ –π–æ–≥–æ –∑–∞–∫–ª–∏–∫—ñ–≤ –ø—ñ—Ç–∏ –Ω–∞ –ø–æ—Å—Ç—É–ø–∫–∏ –ø–∞—Ä–∞—à—Ü—ñ?",5251464538
48,102407,2023-09-09,"–¶–µ —Å–∞—Ä–∫–∞–∑–º! –Ø –º–∞–≤ –Ω–∞ —É–≤–∞–∑—ñ, —â–æ –µ–º–æ–¥–∑—ñ –ø—ñ–¥ –¥–æ–ø–∏—Å–∞–º–∏ –∑ –ø–æ–∑–∏—Ç–∏–≤–Ω–∏–º–∏ —Ç–∞ –Ω–µ–≥–∞—Ç–∏–≤–Ω–∏–º–∏ –Ω–æ–≤–∏–Ω–∞–º–∏ –¥—É–∂–µ –Ω–µ –æ–¥–Ω–æ–∑–Ω–∞—á–Ω—ñ...",474727790
49,101351,2023-09-07,"–¢–æ –±—É–≤ —Å–∞—Ä–∫–∞–∑–º, –ø–∞–Ω–µ.",467660602
50,97496,2023-09-01,"–Ñ —Ç–∞–∫–∞ —à—Ç–∫—É–∫–∞ –Ω–∞ —Å–≤—ñ—Ç—ñ, —Ç—Ä–æ–ª—ñ–Ω–≥–æ–º –Ω–∞–∑–∏–≤–∞—î—Ç—å—Å—è",1867768513
50,100385,2023-09-06,"–¢—Ä–æ–ª—ñ–Ω–≥ —è–∫ –≥–ª—É–∑—É–≤–∞–Ω–Ω—è, —á–∏ —è–∫ –∑–Ω—É—â–∞–Ω–Ω—è? –ë–æ —è–∫—â–æ –≤–∏ –≤–∏–∫–æ—Ä–∏—Å—Ç–æ–≤—É–≤–∞–ª–∏ —Ç—Ä–æ–ª—ñ–Ω–≥ —è–∫ –≥–ª—É–∑—É–≤–∞–Ω–Ω—è —Ç–æ —è–∫—Ä–∞–∑ –≤–∞—à–∞ —Å–ø—Ä–æ–±–∞ –≤–∏–∫–ª–∏–∫–∞—î —Ñ–µ–π—Å–ø–∞–ª–º. –ê —è–∫—â–æ —è–∫ –∑–Ω—É—â–∞–Ω–Ω—è, —Ç–æ —Ü–µ –≤–∑–∞–≥–∞–ª—ñ –Ω–µ–¥–æ—Ä–µ—á–Ω–æ —ñ —Ç—É–ø–æ.",668925216
50,100411,2023-09-06,"–ß—ñ—Ç–∫–æ –±–∞—á—É —â–æ –¥–µ—Ö—Ç–æ –Ω–µ —Ä–æ–∑—É–º—ñ—î —Å–∞—Ä–∫–∞–∑–º—É. –í –ø—Ä–∏—Ä–æ–¥—ñ –Ω–µ–º–∞—î –ø—Ä—è–º–∏—Ö –ª—ñ–Ω—ñ–π. –í –¥–∞–Ω–Ω–æ–º—É –∫–æ–Ω—Ç–µ–∫—Å—Ç—ñ –Ω–∞ –ø–ª–∏—Ç—Ü—ñ –ª–∏—à–∏–ª–∏—Å—è —Å–ª—ñ–¥–∏ –ª—ñ—Ç–µ—Ä –∑ —è–∫–∏—Ö –±—É–ª–æ —Å–∫–ª–∞–¥–µ–Ω–æ —Å–ª–æ–≤–æ. –ì–ª—è–Ω—å—Ç–µ —â–æ –±—É–ª–æ —Ç–∞–º –Ω–∞–ø–∏—Å–∞–Ω–æ. –õ—ñ—Ç–µ—Ä–∏ –ø—Ä–∏–±—Ä–∞–ª–∏, —è–∫ —ñ —ñ–¥–µ—é —Ç–æ–≥–æ —â–æ –Ω–µ—Å–ª–æ —Ç–µ —Å–ª–æ–≤–æ –∞–ª–µ –∑ —Å–∞–º–æ–≥–æ –ø–æ—á–∞—Ç–∫—É –Ω–µ–∑–∞–ª–µ–∂–Ω–æ—Å—Ç—ñ —Ç–µ –≥—ñ–≤–Ω–æ —Ç–∞–∫ —ñ –Ω–µ –ø—ñ—à–ª–æ –∑ –Ω–∞—à–∏—Ö –∫—Ä–∞—ó–≤. –¢–æ–º—É –Ω—ñ–±–∏ —ñ –Ω–µ–º–∞—î –∞ –ø–æ —Ñ–∞–∫—Ç—É —î –≤ –≤–∏–≥–ª—è–¥—ñ —Ç–∏—Ö —Ö—Ç–æ —á–µ–∫–∞—î —Ä—É—Å–Ω—é",1867768513
51,99615,2023-09-05,"–ñ–µ–≤–∞–≥–æ –Ω–µ –≤—ñ–¥–¥–∞—î –§—Ä–∞–Ω—Ü—ñ—è, –±–æ –≤—ñ–Ω –≤ –Ω–∏—Ö –∫—É–ø–∏–≤ –≥–æ—Ç–µ–ª—å –∑–∞ 38 –ª—è–º—ñ–≤",362653378
51,99633,2023-09-05,–¢–∞–∫ –π–æ–≥–æ —Ö—ñ–±–∞ –∑ –≥–æ—Ç–µ–ª–µ–º –µ–∫—Å—Ç—Ä–∞–¥—É–≤–∞—Ç–∏ —Ö–æ—á—É—Ç—å? –ù–∞–π —Å–æ–±—ñ —Ç–æ–π –≥–æ—Ç–µ–ª—å –ª–∏—à–∞—î—Ç—å—Å—è ü§£,266181582
51,99695,2023-09-05,"–û—Ñ—ñ—Ü—ñ–π–Ω–∞ –ø—Ä–∏—á–∏–Ω–∞: –æ–π —Ç–∞–º –≤—ñ–π–Ω–∞, —Å—É–¥–∏ –ø–æ–≥–∞–Ω–æ –ø—Ä–∞—Ü—é—é—Ç—å. 
–¶–µ –ø—Ä–æ—Å—Ç–æ –ø—Ä–∏–∫–ª–∞–¥ –∫—Ä–∞—ó–Ω–∏ –±–µ–∑ –∫–æ—Ä—É–ø—Ü—ñ—ó —è–∫–∞ –¥–æ–ø–∞–º–∞–≥–∞—î –£–∫—Ä–∞—ó–Ω—ñ –±–æ—Ä–æ—Ç–∏—Å—è –∑ –Ω–µ—é –∂. /—Å–∞—Ä–∫–∞–∑–º)",362653378
52,97151,2023-08-31,"–ù—É —á–æ–ª–æ–≤—ñ–∫ –±—É–≤ –ø º—è–Ω–∏–π, —è–∫ –Ω—ñ—è–∫ –ø–æ–º º—è–∫—à—É–≤–∞–ª—å–Ω–∞ –æ–±—Å—Ç–∞–≤–∏–Ω–∞ (–∂–∞—Ä—Ç)",331047425
52,97154,2023-08-31,"–î–æ —Ä–µ—á—ñ, —Ç–∞–∫. –ü–æ–ª—ñ—Ü–µ–π—Å—å–∫–∏–π —â–µ —Ç–≤–µ—Ä–µ–∑–∏–π –±—É–≤. –¢–æ –≤–∑–∞–≥–∞–ª—ñ.–∂–∞—Ö –¢–≤–µ—Ä–µ–∑–∏–π –∑ –ø—ñ—Å—Ç–æ–ª–µ—Ç–æ–º –Ω–∞ –±—É—Ö–æ–≥–æ –∑ –≥–æ–ª–∏–º–∏ –∫—É–ª–∞–∫–∞–º–∏.",1886275248
52,97160,2023-08-31,–¶–µ —Å–∞—Ä–∫–∞–∑–º?)),331047425
53,96624,2023-08-31,–ü–æ–≤–∞–∂–∞—Ç–∏ —Å–µ–±–µ —ñ –∑–≤—ñ–ª—å–Ω–∏—Ç–∏—Å—å,374263208
53,96647,2023-08-31,–£ –Ω–∞—Å –∂–µ –≤—Å–µ —Ç–∞–∫ –¥–æ–±—Ä–µ –≤ –∫—Ä–∞—ó–Ω—ñ –∑ —Ä–æ–±–æ—á–∏–º–∏ –º—ñ—Å—Ü—è–º–∏. –î–∞–≤–∞–π—Ç–µ –∑–∞—ñ–ª—å–Ω–∏–º–æ –∫—ñ–ª—å–∫–∞ —Ç–∏—Å—è—á –Ω–∏–∑—å–∫–æ-–∫–≤–∞–ª—ñ—Ñ—ñ–∫–æ–≤–∞–Ω–∏—Ö –≤ –±—ñ–ª—å—à–æ—Å—å—ñ –ª—é–¥–µ–π —è–∫—ñ –ø—Ä–∞—Ü—é—é—Ç—å –≤ –ê—à–∞–Ω—ñü§°,356656729
53,96718,2023-08-31,"–∞—à–∞–Ω —â–µ —Å–∏–ª—å–Ω–æ —Ä–æ–∑–≤–µ—Ä–Ω—É–≤ –ø—Ä–æ–≥—Ä–∞–º—É –¥–æ–ø–æ–º–æ–≥–∏ —ñ –±–µ—Ä–µ –Ω–∞ —Ä–æ–±–æ—Ç—É –ª—é–¥–µ–π, —è–∫–∏–º –≤–∑–∞–≥–∞–ª—ñ –≤–∞–∂–∫–æ —Ä–æ–±–æ—Ç—É –∑–Ω–∞–π—Ç–∏. —ó—Ö —Ç–µ–∂ —Ç—Ä–µ–±–∞ –Ω–∞ –≤—É–ª–∏—Ü—é –≤–∏–≥–Ω–∞—Ç–∏. –∞–≥–∞ (—Ü–µ —Å–∞—Ä–∫–∞–∑–º, —è–∫—â–æ —â–æ)",289190342
54,93774,2023-08-28,–ú–æ–∂–µ –º–∏ –≤—Å—ñ –Ω–µ –∑—Ä–æ–∑—É–º—ñ–ª–∏ –π–æ–≥–æ —Å–∞—Ä–∫–∞–∑–º—É? –ú–æ–∂–µ –≤—ñ–Ω —è–∫ –†–µ–Ω–¥—ñ –∑ –ø—ñ–≤–¥–µ–Ω–Ω–æ–≥–æ –ø–∞—Ä–∫—É?,340697390
55,92430,2023-08-25,–Ø–∫—â–æ —â–æ –º–æ—ó –¥–≤–∞ –ø–æ–ø–µ—Ä–µ–¥–Ω—ñ –ø–æ–≤—ñ–¥–æ–º–ª–µ–Ω–Ω—è —Ü–µ —Å–∞—Ä–∫–∞–∑–º —ñ –≤–∏—Å–º—ñ—é–≤–∞–Ω–Ω—è —Ä–æ—Å–Ω—ñ,1622796049
56,90025,2023-08-22,"–ê–ª–µ –¥—ñ–π—Å–Ω–æ, —è–∫—â–æ –Ω–µ —á–∏—Ç–∞—é—á–∏ —Ç–µ–∫—Å—Ç —Å–ø–µ—Ä—à—É –≥–ª—è–Ω—É—Ç–∏ –Ω–∞ –æ—Ç–æ–π –º–∞–ª–µ–Ω—å–∫–∏–π –ø—Ä–∞–ø–æ—Ä –Ω–∞ –∫–∞—Ä—Ç–∏–Ω—Ü—ñ, —Ç–æ –º–æ–∂–Ω–∞ –ø–æ–¥—É–º–∞—Ç–∏,  —â–æ —Ç–æ –∫–∞—Ü–∞–ø—Å—å–∫–∞ –≥–∞–Ω—á—ñ—Ä–∫–∞, –∑–µ–ª–µ–Ω–∏–π –Ω–µ —Å–∏–ª—å–Ω–æ —Ç–∞–º –≤—ñ–¥—Ä—ñ–∑–Ω—è—î—Ç—å—Å—è –≤—ñ–¥ —Å–∏–Ω—å–æ–≥–æ)))",1408306739
56,90026,2023-08-22,"–ù–µ –∑–Ω–∞—é, –º–µ–Ω—ñ –≤ –æ—á—ñ –∫–∏–¥–∞—é—Ç—å—Å—è, –∫–æ–ª–∏ –ª—é–¥–∏ –ø—Ä–∞–ø–æ—Ä –õ—é–∫—Å–µ–º–±—É—Ä–≥–∞ –∑–∞–º—ñ—Å—Ç—å –ø—Ä–∞–ø–æ—Ä–∞ –ù—ñ–¥–µ—Ä–ª–∞–Ω–¥—ñ–≤ —Å—Ç–∞–≤–ª—è—Ç—å. –Ü –Ω–∞–≤—ñ—Ç—å –ø—Ä–∞–ø–æ—Ä–∏ –Ü–Ω–¥–æ–Ω–µ–∑—ñ—óüáÆüá© —Ç–∞ –ú–æ–Ω–∞–∫–æüá≤üá® –∑ –ø–µ—Ä—à–æ–≥–æ –ø–æ–≥–ª—è–¥—É –≤—ñ–¥—Ä—ñ–∑–Ω—è—é
–¢–æ–º—É –¥–ª—è –º–µ–Ω–µ –¥–∏–≤–Ω–æ, ""—è–∫ –≤–∏ —Ü—å–æ–≥–æ –Ω–µ –ø–æ–º—ñ—á–∞—î—Ç–µ""üòÖ –ê–ª–µ –≤—Å–µ –Ω–æ—Ä–º, —è —Ä–æ–∑—É–º—ñ—é, —â–æ –æ—á—ñ —É –Ω–∞—Å –Ω–µ –æ–¥–Ω–∞–∫–æ–≤—ñ",386803683
56,90032,2023-08-22,"–¢–∞–∫–∏ –¥—ñ–π—Å–Ω–æ, —É –í–∞—Å —è–∫—ñ—Å—å –º–µ–≥–∞ –æ—á—ñ (–±–µ–∑ —Ç—ñ–Ω—ñ —Å–∞—Ä–∫–∞–∑–º—É), –±–æ —è —Ä—ñ–∑–Ω–∏—Ü—ñ –≤ –ø—Ä–∞–ø–æ—Ä–∞—Ö –Ü–Ω–¥–æ–Ω–µ–∑—ñ—ó —ñ –ú–æ–Ω–∞–∫–æ —Ç–æ—á–Ω–æ –Ω–µ –ø–æ–±–∞—á–∏–ª–∞ üòÇ

Upd. –ó–∞–≥—É–≥–ª–∏–ª–∞ —ñ –±–∞—á—É, —â–æ —Ä—ñ–∑–Ω–∏—Ü—è —Ç—ñ–ª—å–∫–∏ –≤ —Ä–æ–∑–º—ñ—Ä—ñ, –∞ –∑ –∫–æ–ª—å–æ—Ä–∞–º–∏ –≤—Å–µ —Ç–µ —Å–∞–º–µ.",1408306739
57,89118,2023-08-20,"–î—É–∂–µ –≤–¥–∞–ª–∏–π –∂–∞—Ä—Ç, —Ö—Ç–æ —Å–∞—Ä–∫–∞–∑–º –∑—Ä–æ–∑—É–º—ñ–≤, —Ç–æ–π –ø–æ–π–Ω—è–≤, —à–æ –Ω–µ—Ö—É–π —Ç–∞–∫—ñ –ø–∏—Ç–∞–Ω–Ω—è –±—ñ–ª—å—à–µ —Å—Ç–∞–≤–∏—Ç–∏",5280134915
58,83199,2023-08-08,–î—è–∫—É—î–º–æ –ª–Ω—Ä)),1724633715
58,83201,2023-08-08,–¢—É—Ç –Ω–∞–ø–∏—Å–∞–Ω–æ —â–æ —Ü–µ –∫—Ä–∞—ó–Ω–∞....,438629822
58,83204,2023-08-08,–°- —Å–∞—Ä–∫–∞–∑–º),1724633715
59,81190,2023-08-04,"–¢–∏ —á–æ–≥–æ—Å—å –Ω–µ–∑–∞–¥–æ–≤–æ–ª–µ–Ω–∏–π, —â–æ —Ö—Ç–æ—Å—å –∑–∞–π–º–∞—î—Ç—å—Å—è —Ö–æ—á —á–∏–º–æ—Å—å, –Ω–∞ –≤—ñ–¥–º—ñ–Ω—É –≤—ñ–¥ —Ç–µ–±–µ, –¥–∏–≤–∞–Ω–Ω–æ–≥–æ –µ–∫—Å–ø–µ—Ä—Ç–∞?",5732927749
59,81192,2023-08-04,"–¢–∏ —á–æ–≥–æ –±–∞–±—É—ó–Ω–∏—à? –ö–∞–∂—É –∂, —Ö–æ—á—É –±—ñ–ª—å—à–µ —ñ–Ω—Ñ–∏ –Ω–∞ —Ü—é —Ç–µ–º—É, –∞ —Ç–∏ —Ç—Ä—ñ–≥–µ—Ä–∏—à—Å—è –≤—ñ–¥—Ä–∞–∑—É. –í—ñ–¥–ø–æ—á–∏–≤–∞–π —É —Å–≤–æ—ó–π –ø—É—Å—ñ, —Å–ø–æ–∫",204704161
59,81195,2023-08-04,"–¢–∞ –∫–æ–º—É —Ç–∏ –∑–∞–ª–∏–≤–∞—î—à, –∫–ª–∞–≤–Ω? –í—ñ—Ä—é, —è –ø–æ–≤—ñ—Ä–∏–≤ –≤ –æ—á–µ–≤–∏–¥–Ω–∏–π —Å–∞—Ä–∫–∞–∑–º. –ô–¥–∏ –ø–æ–ø–ª–∞—á, –∂–∞–ª—é–≥—ñ–¥–Ω–µ, —ñ –¥—Ä—É–≥—É –Ω–µ–±—ñ–Ω–∞—Ä–Ω—É —Ç—Ä–∞–Ω—Å–≥–µ–Ω–¥–µ—Ä–Ω—É –º–∞—Ç—ñ–Ω–∫—É –Ω–µ–∞–Ω–¥—Ä–Ω—Ç–∞–ª—å—Å–∫–æ–≥–æ –ø–æ—Ö–æ–¥–∂–µ–Ω–Ω—è –æ–±—ñ–π–º–∏)",5732927749
60,80245,2023-08-03,"—à–æ –≤–∏ –¥–æ –Ω—å–æ–≥–æ –¥–æ–∫–æ–ª—É–ø–∞–ª–∏—Å—å, –Ω–µ –º–æ–∂–Ω–∞ —Å–º—ñ—è—Ç–∏—Å—å –∑ —Ö–≤–æ—Ä–∏—Ö —Ç–∞ –ª—é–¥–µ–π —è–∫—ñ –≤ —Å–∫—Ä—É—Ç—ñ, –∞ —Ç—É—Ç –∫–æ–º–±–æ (—Å–∞—Ä–∫–∞–∑–º)",325613825
61,80021,2023-08-02,"—ñ–Ω–æ–¥—ñ –∞—Ö—É—î–≤–∞—é –∑ —Ç–æ–≥–æ, —è–∫ –¥–µ—è–∫—ñ –ª—é–¥–∏ –Ω–µ –º–æ–∂—É—Ç—å —Ä–æ–∑–ø—ñ–∑–Ω–∞—Ç–∏ –æ—á–µ–≤–∏–¥–Ω–∏–π —Å–∞—Ä–∫–∞–∑–º —á–∏ —ñ—Ä–æ–Ω—ñ—é...",208222077
62,79426,2023-08-01,"–ì–æ–ª–æ–≤–Ω–µ, —â–æ ""—Å–ª—É–≥–∏ –Ω–∞—Ä–æ–¥—É"" –Ω–∞ —Ñ—Ä–æ–Ω—Ç—ñ (—Å–∞—Ä–∫–∞–∑–º —è–∫—â–æ —â–æ). –î–æ—Ä–µ—á—ñ, —Ö—Ç–æ—Å—å –∑–Ω–∞—î —Ö–æ—á –æ–¥–Ω–æ–≥–æ –¥–µ–ø—É—Ç–∞—Ç–∞ –≤—ñ–¥ ""—Å–ª—É–≥"", —è–∫–∏–π —Å–ª—É–∂–∏—Ç—å?",5770950027
63,78845,2023-07-31,"–Ø–∫–∏—Ö —â–µ –∑–µ—Ä–Ω–æ–≤–∏—Ö –∫—É–ª—å—Ç—É—Ä? –ö—É–ª—å—Ç—É—Ä–∞ —Ç—ñ–ª—å–∫–∏ –æ–¥–Ω–∞, –∞ –Ω–µ –æ—Ü–µ –ø–æ–Ω–∞–≤–∏–¥—É–º—É–≤–∞–ª–∏, —Ñ—ñ–∑–∫—É–ª—å—Ç—É—Ä–∞, –∑–µ—Ä–Ω–æ–≤–∞ –∫—É–ª—å—Ç—É—Ä–∞, –∫—É–ª—å—Ç—É—Ä–∞ –ø–æ–≤–µ–¥—ñ–Ω–∫–∏.. –ù–µ –ø—Ä–∏–º–µ–Ω—à—É–π—Ç–µ –ö–£–õ–¨–¢–£–†–£ ‚Äî —Å—É–∫—É–ø–Ω—ñ—Å—Ç—å –º–∞—Ç–µ—Ä—ñ–∞–ª—å–Ω–∏—Ö —ñ –¥—É—Ö–æ–≤–Ω–∏—Ö —Ü—ñ–Ω–Ω–æ—Å—Ç–µ–π, —Å—Ç–≤–æ—Ä–µ–Ω–∏—Ö –ª—é–¥—Å—Ç–≤–æ–º –ø—Ä–æ—Ç—è–≥–æ–º –π–æ–≥–æ —ñ—Å—Ç–æ—Ä—ñ—ó; —ñ—Å—Ç–æ—Ä–∏—á–Ω–æ –Ω–∞–±—É—Ç–∏–π –Ω–∞–±—ñ—Ä –ø—Ä–∞–≤–∏–ª —É—Å–µ—Ä–µ–¥–∏–Ω—ñ —Å–æ—Ü—ñ—É–º—É –¥–ª—è –π–æ–≥–æ –∑–±–µ—Ä–µ–∂–µ–Ω–Ω—è —Ç–∞ –≥–∞—Ä–º–æ–Ω—ñ–∑–∞—Ü—ñ—ó.",510741706
63,78846,2023-07-31,"–ö—É–ª—å—Ç—É—Ä–Ω—ñ —Ä–æ—Å–ª–∏–Ω–∏ ‚Äî —Ä–æ—Å–ª–∏–Ω–∏, –≤–∏—Ä–æ—â—É–≤–∞–Ω—ñ –ª—é–¥—Å—Ç–≤–æ–º –¥–ª—è –æ—Ç—Ä–∏–º–∞–Ω–Ω—è —Ö–∞—Ä—á–æ–≤–∏—Ö –ø—Ä–æ–¥—É–∫—Ç—ñ–≤, –∫–æ—Ä–º—ñ–≤ –≤ —Å—ñ–ª—å—Å—å–∫–æ–º—É –≥–æ—Å–ø–æ–¥–∞—Ä—Å—Ç–≤—ñ, –ª—ñ–∫—ñ–≤, –ø—Ä–æ–º–∏—Å–ª–æ–≤–æ—ó —Ç–∞ —ñ–Ω—à–æ—ó —Å–∏—Ä–æ–≤–∏–Ω–∏, —ñ–Ω—à–∏—Ö —Ü—ñ–ª–µ–π –≤ –∑–∞–¥–æ–≤–æ–ª–µ–Ω–Ω—ñ –ø–æ—Ç—Ä–µ–± –ª—é–¥–∏–Ω–∏. –Ü—Å—Ç–æ—Ä—ñ—è –∫—É–ª—å—Ç—É—Ä–Ω–∏—Ö —Ä–æ—Å–ª–∏–Ω –ø—Ä–æ—Å—Ç–µ–∂—É—î—Ç—å—Å—è –∑ –ø–µ—Ä—à–æ–≥–æ –≤–∏–±–æ—Ä—É —Ä–æ—Å–ª–∏–Ω, —è–∫–∏–π –≤—ñ–¥–±—É–≤—Å—è –≤ –∞–≥—Ä–∞—Ä–Ω—ñ–π —Ä–µ–≤–æ–ª—é—Ü—ñ—ó –Ω–µ–æ–ª—ñ—Ç—É –¥–æ –ø–µ—Ä—à–∏—Ö –∑–∞–ø–∏—Å—ñ–≤ —ñ–º–µ–Ω—É–≤–∞–Ω–Ω—è —Ä–æ—Å–ª–∏–Ω, –∑—Ä–æ–±–ª–µ–Ω–∏—Ö —Ä–∏–º–ª—è–Ω–∞–º–∏. 
–í–∏ —Å–∞–º—ñ –ø–∏—à–µ—Ç–µ –§—ñ–∑–∏—á–Ω–∏—Ö —Ü—ñ–Ω–æ—Å—Ç–µ–π –ø—ñ–¥ —â–æ –ø—ñ–¥–ø–∞–¥–∞—î —è–∫—Ä–∞–∑ –∑–µ—Ä–Ω–æ–≤–∞ –∫—É–ª—å—Ç—É—Ä–∞ –∑ —è–∫–æ—ó —Ä–æ–±–ª—è—Ç—å —Ö–ª—ñ–± —è–∫–∏–π —î –Ω–µ–≤—ñ–¥—î–º–Ω–æ—é —á–∞—Å—Ç–∏–Ω–æ—é –≤ –¥—É—Ö–æ–≤–Ω–∏—Ö —Ç—Ä–∞–¥–∏—Ü—ñ—è—Ö.",678233014
63,78850,2023-07-31,"–Ø –Ω–∞—Å—Ç—É–ø–Ω–æ–≥–æ —Ä–∞–∑—É —Ç–∞–±–ª–∏—á–∫—É ""—Å–∞—Ä–∫–∞–∑–º"" –ø—Ä–∏–ª—ñ–ø–ª—é.",510741706
64,77863,2023-07-30,"–í–∂–µ –≤—Ç–æ–º–∏–ª–∞—Å—å —Ü–µ –ª—é–¥—è–º –¥–æ–Ω–æ—Å–∏—Ç–∏.
–Ø –∂–∏–≤—É –∂–∏—Ç—Ç—è, —è–∫ —ñ –∂–∏–≤, –∞–ª–µ –≥–æ—Ä–¥–æ –Ω–∞–∑–∏–≤–∞—é —Ü–µ –µ–∫–æ–Ω–æ–º—ñ—á–Ω–∏–º —Ñ—Ä–æ–Ω—Ç–æ–º",733856056
64,77886,2023-07-30,–¶–µ —Å–∞—Ä–∫–∞–∑–º?,389299552
64,77970,2023-07-30,"–¢–∞–∫, —Ü–µ —Å–∞—Ä–∫–∞–∑–º.
–ù–µ —Ä–æ–∑—É–º—ñ—é, —â–æ –≤ –≥–æ–ª–æ–≤—ñ –ª—é–¥–µ–π, —è–∫—ñ —Ç–∞–∫ –º–∏—Å–ª—è—Ç—å —ñ —Å–º—ñ—é—Ç—å –Ω–∞–∑–∏–≤–∞—Ç–∏ —Å–≤–æ—ó –±—É–¥–Ω—ñ —Ñ—Ä–æ–Ω—Ç–æ–º. –ö–æ–ª–∏ —Å–ø—Ä–∞–≤–∂–Ω—ñ–π —Ñ—Ä–æ–Ω—Ç - —Ü–µ —Å–º–µ—Ä—Ç—å, —Ü–µ —Ä–∏–∑–∏–∫ –∑–∞–≥–∏–Ω—É—Ç–∏. –Ü –Ω–∞–∑–∏–≤–∞—Ç–∏ –±—É–¥—å-—è–∫—É —Å–≤–æ—é –¥—ñ—è–ª—å–Ω—ñ—Å—Ç—å —Ñ—Ä–æ–Ω—Ç–æ–º –º–æ–∂–µ –ª–∏—à–µ –ø–æ–≤–Ω–∏–π –π–æ–ª–æ–ø. –ü—Ä–æ—Å—Ç–æ –≤–∂–µ –≤—Ç–æ–º–∏–ª–∞—Å—å —Å–ø–µ—Ä–µ—á–∞—Ç–∏—Å—è –∑ –ª—é–¥—å–º–∏ —á–µ—Ä–µ–∑ —Ü–µ.",733856056
65,77886,2023-07-30,–¶–µ —Å–∞—Ä–∫–∞–∑–º?,389299552
66,74561,2023-07-25,"–î—Ä—É–∑—ñ –∑–∞—Å–ø–æ–∫—ñ–π—Ç–µ—Å—å, –ª—é–¥–∏–Ω—ñ –≤–∞–∂–∫–æ, –≤–æ–Ω–∞ –≤—Ç–æ–º–∏–ª–∞—Å—è, –¥–∞–≤–∞–π—Ç–µ –∑—Ä–æ–∑—É–º—ñ—î–º–æ –π–æ–≥–æ, –Ω—É –∫–æ–º—É –Ω–µ —Ö–æ—á–µ—Ç—å—Å—è –Ω–∞ –ú–∞–ª—å–¥—ñ–≤–∏, –≤—ñ–¥–ø–æ—á–∏—Ç–∏ –≤—ñ–¥ –≤—ñ–π–Ω–∏. –¶–µ —Å–∞—Ä–∫–∞–∑–º.",1185578270
67,70522,2023-07-19,"—Ü–µ –±—É–ª–æ —Ä–∏—Ç–æ—Ä–∏—á–Ω–µ –ø–∏—Ç–∞–Ω–Ω—è –∑ –Ω–æ—Ç–∫–æ—é —Å–∞—Ä–∫–∞–∑–º—É, –∞–ª–µ –∂ —Ç—É—Ç –≤—Å—ñ –µ–∫–æ–Ω–æ–º—ñ—Å—Ç–∏ —Å—É—Ä–π–æ–∑–Ω—ñ ü§°",465148423
68,70409,2023-07-19,"–ù—É —Ç–∞–∫ —à–æ–± –∑–≤–∏–Ω—É–≤–∞—Ç–∏—Ç–∏ –ó–°–£ —ñ –ë–∞–π–¥–µ–Ω–∞. –í–æ–Ω–∏ –∂ —Å–∞–º—ñ —Å–µ–±–µ –æ–±—Å—Ç—Ä—ñ–ª—é—é—Ç—å, —Ç–æ –º–æ–∂–µ —ñ —Å–∫–ª–∞–¥ –±–∫ —Å–∞–º—ñ —Å–æ–±—ñ –ø—ñ–¥—Ä–∏–≤–∞—é—Ç—å. ""—É–º–æ–º –±–æ–ª–æ—Ç–∞ –Ω—î –ø–∞–Ω—è—Ç—å.."" (—ñ—Ä–æ–Ω—ñ—è, —Å–∞—Ä–∫–∞–∑–º, –≥—É–º–æ—Ä–µ—Å–∫–∞)",383757017
68,70413,2023-07-19,"—Ç–∞ –¥–ª—è —Ç–∞–∫–æ–≥–æ —Ñ—ñ–≥–∞–Ω—É–ª–∏ –± –≤–∑—Ä–∏–≤-–ø–∞–∫—î—Ç–∞, –∫—Ä—É–≥–æ–º –±–∏ –Ω–∞—Å–∏–ø–∞–ª–∏ –¥–µ—Ç–∞–ª–µ–π –∑—ñ —à—Ç–æ—Ä–º —à–µ–¥–æ—É —ñ –±—ñ–≥–∞–ª–∏ –± —É–∂–µ –∑ –∫–∞–º–µ—Ä–∞–º–∏. –∞ —Ç–∞–∫–µ —à–æ–± —Ç—É—à–∏—Ç—å —â–µ –¥–≤–∞ –¥–Ω—ñ, —Ç–æ –Ω–∞–≤—Ä—è–¥. —Ö–æ—á–∞... –º–æ–∂–µ —à–æ—Å—å –≤–∏–π—à–ª–æ –∑-–ø—ñ–¥ –∫–æ–Ω—Ç—Ä–æ–ª—é",156037179
68,70417,2023-07-19,"–¢–æ–º—É –¥–ª—è —É–Ω–∏–∫–Ω–µ–Ω–Ω—è –Ω–µ–ø–æ—Ä–æ–∑—É–º—ñ–Ω—å —è –Ω–∞–ø–∏—Å–∞–ª–∞, —â–æ —Ü–µ ""—ñ—Ä–æ–Ω—ñ—è, —Å–∞—Ä–∫–∞–∑–º, –≥—É–º–æ—Ä–µ—Å–∫–∞"". –ó–≤—ñ—Å–Ω–æ, –ø—Ä–∏–ª–µ—Ç—ñ–ª–æ —ó–º —Ç—É–¥–∏, –∫—É–¥–∏ —Ç—Ä–µ–±–∞. –ê–ª–µ —è–∫ –≤–æ–Ω–∏ —Å—Ç–≤–µ—Ä–¥–∂—É—é—Ç—å, —â–æ —É–∫—Ä–∞—ó–Ω—Ü—ñ —Å–∞–º—ñ —Å–µ–±–µ –æ–±—Å—Ç—Ä—ñ–ª—é—é—Ç—å, —Ç–æ —ñ –º–∏ –º–æ–∂–µ–º–æ —É–º–∏—Ç–∏ —Ä—É—á–∫–∏ —ñ –∑ —Ü—ñ–∫–∞–≤—ñ—Å—Ç—é —Å–ø–æ—Å—Ç–µ—Ä—ñ–≥–∞—Ç–∏ –∑–∞ —â—É—Ä—è—á–∏–º–∏ –ø–µ—Ä–µ–≥–æ–Ω–∞–º–∏ –ø—Ä–æ–ø–∞–≥–∞–Ω–¥–∏.",383757017
69,70397,2023-07-19,–¢–∞–∫ —è–∫—â–æ —Ü–µ –Ω–∞ –ø–æ–ª—ñ–≥–æ–Ω—ñ - –º–æ–∂–µ —Ç–æ –≤–æ–Ω–∏ —Å–∞–º—ñ –ø—ñ–¥—Ä–∏–≤–∞—é—Ç—å?..,399773033
69,70399,2023-07-19,—à–æ–± —à–æ,156037179
69,70409,2023-07-19,"–ù—É —Ç–∞–∫ —à–æ–± –∑–≤–∏–Ω—É–≤–∞—Ç–∏—Ç–∏ –ó–°–£ —ñ –ë–∞–π–¥–µ–Ω–∞. –í–æ–Ω–∏ –∂ —Å–∞–º—ñ —Å–µ–±–µ –æ–±—Å—Ç—Ä—ñ–ª—é—é—Ç—å, —Ç–æ –º–æ–∂–µ —ñ —Å–∫–ª–∞–¥ –±–∫ —Å–∞–º—ñ —Å–æ–±—ñ –ø—ñ–¥—Ä–∏–≤–∞—é—Ç—å. ""—É–º–æ–º –±–æ–ª–æ—Ç–∞ –Ω—î –ø–∞–Ω—è—Ç—å.."" (—ñ—Ä–æ–Ω—ñ—è, —Å–∞—Ä–∫–∞–∑–º, –≥—É–º–æ—Ä–µ—Å–∫–∞)",383757017
70,68378,2023-07-15,–ß–æ–º—É—Å—å —Å–ø—Ä–∏–π–º–∞—î—Ç—å—Å—è —è–∫ —Å–∞—Ä–∫–∞–∑–º —ñ –∑–∞—Ö–æ–¥ –Ω–∞ –∂–∞—Ä—ÇüòÖ,498591735
71,67378,2023-07-13,–ü—Ä–∏–∫–ª–∞–¥ '–¥–∏–ø–ª–æ–º–∞—Ç–∏—á–Ω–æ—ó' –æ—Å–≤—ñ—Ç–∏ (—Å–∞—Ä–∫–∞–∑–º). –°—Ç–∏–¥–Ω–æ –∑–∞ —Ç–∞–∫—É –ø–æ–≤–µ–¥—ñ–Ω–∫—É –ü—Ä–µ–∑–∏–¥–µ–Ω—Ç–∞.,911255665
72,66413,2023-07-12,"–¢–æ—á–Ω–Ω–æ,—Ç–æ –ø–∞–Ω –ë–µ–Ω —ñ –°–®–ê –≤–ª–∞—à—Ç—É–≤–∞–ª–∏?",503318278
72,66420,2023-07-12,"–∞ —Ö—ñ–±–∞ –≤ –º–æ—î–º—É –∫–æ–º–µ–Ω—Ç–∞—Ä—ñ, —â–æ—Å—å —î –ø—Ä–æ –Ω–∏—Ö?  —Ç–∞–º —Ç—ñ–ª—å–∫–∏ –ø—Ä–æ –≤–¥—è—á–Ω—ñ—Å—Ç—å —ñ –ø—Ä–æ–ø–æ–∑–∏—Ü—ñ—è –ø—Ä–∏—ó—Ö–∞—Ç–∏ –¥–æ –º—ñ—Å—Ç–∞ )",510361798
72,66428,2023-07-12,–ù–µ —Ç—ñ–ª—å–∫–∏ –≤–∏ –≤–º—ñ—î—Ç–µ –≤ —ñ—Ä–æ–Ω—ñ—é —ñ —Å–∞—Ä–∫–∞–∑–º,503318278
73,65443,2023-07-11,"""–ñ—ñ–Ω–∫–∞-—Ç–µ–Ω—ñ—Å–∏—Å—Ç"", –≤ –ø—Ä–æ–¥–æ–≤–∂–µ–Ω–Ω—è –∫–æ–º–µ–Ω—Ç–∞—Ä—ñ–≤ –¥–æ –ø–æ–ø–µ—Ä–µ–¥–Ω—å–æ–≥–æ –ø–æ—Å—Ç—É)))",429837813
73,65450,2023-07-11,"–Ω–∞—Ä–æ–¥–Ω–∏–π —Ö–∞—Ä–∞–∫—Ç–µ—Ä —É–∫—Ä–∞—ó–Ω—Å—å–∫–æ—ó –º–æ–≤–∏ –≥–æ–≤–æ—Ä–∏—Ç—å –ø—Ä–æ —Ç–µ, —â–æ —Ñ–µ–º—ñ–Ω—ñ—Ç–∏–≤–∏ –±—ñ–ª—å—à, –Ω—ñ–∂ –ø–∏—Ç–æ–º—ñ, –¥–ª—è –Ω–∞—à–æ–≥–æ —Å–ª–æ–≤–æ–≤–∂–∏—Ç–∫—É, –¥–æ—Å–∏—Ç—å –≤–∏–ø—Ä–∞–≤–ª—è—Ç–∏ —Ü–µ –Ω–∞ –∞–±—Å—É—Ä–¥",398658623
73,65756,2023-07-12,–¢–æ –∂ –±—É–≤ —Å–∞—Ä–∫–∞–∑–º...,1384799113
74,64682,2023-07-10,"–û–±–ª—è, –∞ —à–æ —Ç–∞–∫ –º–æ–∂–Ω–∞ –±—É–ª–æ?! –Ø–∫—â–æ –±–µ–∑ —Å–∞—Ä–∫–∞–∑–º—É, —Ç–æ –¥–∏–≤–Ω–æ, —â–æ —Ç–æ —Ç—ñ–ª—å–∫–∏ –∑–∞—Ä–∞–∑ –≤–∏—Ä—ñ—à–∏–ª–∏",429837813
75,63876,2023-07-08,"–¢—Ä–æ—Ö–∏ –∑–∞–Ω–∞–¥—Ç–æ, –Ω—î?",352641698
75,63880,2023-07-08,"–ù—î, —Ü–µ —â–µ –º–∞–ª–æ, —Ç—Ä–µ–±–∞ –ø–æ–±—ñ–ª—å—à–µ –ø—Ä–∏–≤—ñ—Ç–∞–Ω—å",1245606548
75,63896,2023-07-08,"–°–∞—Ä–∫–∞–∑–º, —Å–ø–æ–¥—ñ–≤–∞—é—Å—å?)",352641698
76,63732,2023-07-07,"–°–µ—Ä–π–æ–∑–Ω–æ, –∞ —è —ñ –Ω–µ –∑–Ω–∞–≤.(—Ü–µ —Å–∞—Ä–∫–∞–∑–º)",1138266149
77,60204,2023-07-02,"–í –£–∫—Ä–∞—ó–Ω—ñ —â–µ –Ω–µ –∫–æ—Ä–∏—Å—Ç—É–≤–∞–ª–∞—Å—å , –∞–ª–µ –∫–æ–ª–∏ –∑–∞–∫–æ—Ä–¥–æ–Ω–æ–º —ñ –Ω—ñ—á–Ω—ñ –ø–æ—Ç—è–≥–∏ –∑–∞–≤–∂–¥–∏ —ó–∑–∂—É –≤ –∂—ñ–Ω–æ—á–æ–º—É –≤–∞–≥–æ–Ω—ñ. 

–ù–µ –∑–æ–≤—Å—ñ–º —Ä–æ–∑—É–º—ñ—é —Ü–∏—Ö –≤—Å—ñ—Ö –ª—é–¥–µ–π —á–æ–ª–æ–≤—ñ—á–æ—ó —Å—Ç–∞—Ç—ñ —ñ —ó—Ö –æ–±—É—Ä–µ–Ω–Ω—è. 

–¢–∞–∫–µ –≤—Ä–∞–∂–µ–Ω–Ω—è –Ω—ñ–±–∏ –æ–±—É—Ä—é—é—Ç—å—Å—è —è–∫—Ä–∞–∑ —Ç—ñ, –∫–æ—Ç—Ä–∏–º –Ω–µ –≤–∏–ø–∞–¥–µ –º–æ–∂–ª–∏–≤—ñ—Å—Ç—å –ø–æ–ø—Ä–∏—Å—Ç–∞–≤–∞—Ç–∏ –¥–æ –∂—ñ–Ω–æ–∫. –û–≥–∏–¥–Ω–æ –≤—ñ–¥ —Ü—ñ—î—ó —Ä–µ–∞–∫—Ü—ñ—ó, –≤–∏ –Ω–∞—Ä–µ—à—Ç—ñ –º–∞—î—Ç–µ –∑—Ä–æ–∑—É–º—ñ—Ç–∏ —â–æ –∑ –¥–µ—è–∫–∏–º–∏ —á–æ–ª–æ–≤—ñ–∫–∞–º–∏ —ó–∑–¥–∏—Ç–∏ –Ω–µ–±–µ–∑–ø–µ—á–Ω–æ, –∑–≥–∞–¥–∞–π—Ç–µ —Å–∏—Ç—É–∞—Ü—ñ—é —è–∫ 2 —á–æ–ª–æ–≤—ñ–∫—ñ–≤ –∑“ë–≤–∞–ª—Ç—É–≤–∞–ª–∏ –¥—ñ–≤—á–∏–Ω—É –≤ –∫—É–ø–µ. –ê–±–æ —è–∫ —â–æ –Ω–µ —Ç–∞–∫ –∂–æ—Å—Ç–∫–æ, —Ç–æ —Ö–ª–æ–ø—Ü—ñ –≤—Å—ñ —Ö—Ä–æ–ø–ª—è—Ç—å —ñ –≤ –Ω–∏—Ö –¥—É–∂–µ –≤–æ–Ω—è—é—Ç—å —à–∫–∞—Ä–ø–µ—Ç–∫–∏ —è –Ω–µ –∫–∞–∂—É –ø—Ä—è–º —É –≤—Å—ñ—Ö —á–æ–ª–æ–≤—ñ–∫—ñ–≤ –∞–ª–µ –±—ñ–ª—å—à—ñ—Å—Ç—å —Ç–∞–∫—ñ. –ê –º–∏ –∂—ñ–Ω–∫–∏ —Å—Ö–∏–ª—å–Ω—ñ –¥–æ —Ç–æ–≥–æ —â–æ –± –¥–æ–≥–ª—è–¥–∞—Ç–∏ –∑–∞ —Å–æ–±–æ—é —ñ –Ω–∞–º –≤–∞–∂–∫–æ –±—É—Ç–∏ –≤ —Ç—ñ–π –∞—Ç–º–æ—Å—Ñ–µ—Ä—ñ –¥–µ –≤—ñ—á–Ω–æ —Å–º–µ—Ä–¥–∏—Ç—å —ñ —î —Ä–∏–∑–∏–∫ —â–æ —Ç–µ–±–µ –º–æ–∂—É—Ç—å –∑“ë–≤–∞–ª—Ç—É–≤–∞—Ç–∏.",428870695
77,60213,2023-07-02,"–•—Ä–∞–ø —Ç–∞ —Å–º–æ—Ä—ñ–¥ “ë–µ–Ω–¥–µ—Ä–Ω–∞ –ø—Ä–æ–±–ª–µ–º–∞, —Ç–∞–∫",536350845
77,60279,2023-07-02,–ú–µ–Ω—ñ –ø–æ–¥–æ–±–∞—î—Ç—å—Å—è —è–∫ —Å—ñ–≥–º–∞ –º–µ–π–ª–∏ —Ä–µ–∞–≥—É—é—Ç—å –Ω–∞ —Å–∞—Ä–∫–∞–∑–º —Å–º–∞–π–ª–∏–∫–∞–º–∏ –∑ –∫–ª–æ–≤–Ω–∞–º–∏,536350845
78,59453,2023-07-01,"–¢–≤—ñ–π —Ä—ñ–≤–µ–Ω—å –∂–∏—Ç—Ç—è —Å–∫–∞–∑–∞–≤, –∞–±—î–∑—è–Ω–∞ –¥—É—Ä–Ω–∞.",752697455
78,59455,2023-07-01,"—â–æ –∫–æ—Ä–∏—Å–Ω–æ–≥–æ –≤–∑—è—Ç–∏ –∑ –¥–æ–≤–±–Ω—è, –ø—Ä–∞–≤–∏–ª—å–Ω–æ, –Ω—ñ—á–æ–≥–æ! –í–∞ –≤—Å—å–æ–º –≤—ñ–Ω–∞–≤–∞—Ç–∞ –∫–∞—Ä—É–ø—Ü–∏—è, –¥—î–ª–∞–π—Ç—î —à—Ç–æ—Ç–∞, –Ω–∞–¥–∞ —à—Ç–æ—Ç–∞ –ª–¥—î–ª–∞—Ç—å —Å–∞–º–∞—è –∫–∞—Ä—É–º–ø—ñ—Ä–∞–≤–∞–Ω–∞—è —Å—Ç—Ä–∞–Ω–∞ –≤ —î–≤—Ä–æ–ø—î!!! –∫–æ–Ω—á–µ–Ω–∞ –º—Ä–∞–∑—å —Ç—É–ø–∞!",337333484
78,59460,2023-07-01,"–¢–æ–±—Ç–æ –Ω–∞ —Ç–≤–æ—é –¥—É–º–∫—É –∑ –∫–æ—Ä—É–ø—Ü—ñ—î—é –Ω—ñ—á–æ–≥–æ –Ω–µ –ø–æ—Ç—Ä—ñ–±–Ω–æ —Ä–æ–±–∏—Ç–∏? –Ü —Ç–∞–∫, —Ç–∏ —Å–≤–æ—ó–º —Ç—É–ø–æ—Ä–∏–ª–∏–º —Å–∞—Ä–∫–∞–∑–º–æ–º —ñ—Å—Ç–∏–Ω—É –∫–∞–∂–µ—à ‚Äì –Ω–∞–π–∫–æ—Ä—É–º–ø—ñ—Ä–æ–≤–∞–Ω—ñ—à–∞ –∫—Ä–∞—ó–Ω–∞ –≤ —É—Å—ñ–π –≥–µ–π—Ä–æ–ø—Ü—ñ. –ê –∑ –ø—Ä–∏–≤–æ–¥—É —Ä–æ–±–∏—Ç–∏ ‚Äî –≤–∂–µ –ø—ñ–∑–Ω–æ, —è–∫—â–æ —Ç–∏ –≤–º—ñ—î—à –ø–∞–ª—å—á–∏–∫–∞–º–∏ –≤ –µ–∫—Ä–∞–Ω —Ç–∏–∫–∞—Ç–∏, —Ç–æ —Ç–≤–æ—ó–π –º–∞–º–∞—à—ñ-–∞–ª–∫–æ–≥–æ–ª—ñ—á—Ü—ñ –≤–∂–µ –∞–±–æ—Ä—Ç–∞ –Ω–µ –∑—Ä–æ–±–∏—à.",752697455
79,59175,2023-07-01,–ø–æ—Ç—Ä—ñ–±–Ω–æ –≤ –ê—Ñ—Ä–∏–∫—É —ó—Ö–∞—Ç—å),5069866189
79,59186,2023-07-01,–î–æ–¥–∏–≤–∏–ª–∏—Å—è –¥–æ –∫—ñ–Ω—Ü—è?,230837638
79,59192,2023-07-01,"—Ç–∞–∫, –∑–≤—ñ–π—Å–Ω–æ —Ç–æ –±—É–≤ —Å–∞—Ä–∫–∞–∑–º, —Ç–∏–ø—É –Ω–∞ –ø–∞—Ä—É –¥–Ω—ñ–≤ —Ç–æ –Ω—ñ—á–æ–≥–æ –Ω–µ –¥–∞—Å—Ç—å",5069866189
80,58129,2023-06-29,"9 –¥–æ—Ä–æ—Å–ª–∏—Ö + 3 –¥—ñ—Ç–µ–π
–¶–µ —Å–∫—ñ–ª—å–∫–∏?",288991981
80,58130,2023-06-29,"–í–∏ –≤–∏–∫–ª–∞–¥–∞—á–∫–∞ –º–∞—Ç–µ–º–∞—Ç–∏–∫–∏?
–î—è–∫—É—é –∑–∞ –∞—Ä–∏—Ñ–º–µ—Ç–∏–∫—É üò° –ª—é–¥–∏–Ω—ñ –≤–∂–µ –π –ø–æ–º–∏–ª–∏—Ç–∏—Å—è –Ω–µ –º–æ–∂–Ω–∞. –î–æ–±—Ä–æ–≥–æ —Ä–∞–Ω–∫—É!
–ó–∞—Å—É–Ω—å—Ç–µ —Å–≤—ñ–π —Å–∞—Ä–∫–∞–∑–º –≤ –æ–¥–Ω–µ –º—ñ—Å—Ü–µ
–¢–∞–∫–µ –≥–æ—Ä–µ, –∞ –í–∏....",662156384
80,58131,2023-06-29,"–Ø –∞–±—Å–æ–ª—é—Ç–Ω–æ –±–µ–∑ —è–∫–æ–≥–æ—Å—å —Å–∞—Ä–∫–∞–∑–º—É —á–∏ –∑–ª–æ–≥–æ –ø—ñ–¥—Ç–µ–∫—Å—Ç—É 
–í–∏–±–∞—á–∞—é—Å—å, —è–∫—â–æ –≤–∞–º –∑–¥–∞–ª–æ—Å—å —ñ–Ω–∞–∫—à–µ",288991981
81,58127,2023-06-29,–í —ñ–Ω—à–∏—Ö –¥–∂–µ—Ä–µ–ª–∞—Ö 12,662156384
81,58129,2023-06-29,"9 –¥–æ—Ä–æ—Å–ª–∏—Ö + 3 –¥—ñ—Ç–µ–π
–¶–µ —Å–∫—ñ–ª—å–∫–∏?",288991981
81,58130,2023-06-29,"–í–∏ –≤–∏–∫–ª–∞–¥–∞—á–∫–∞ –º–∞—Ç–µ–º–∞—Ç–∏–∫–∏?
–î—è–∫—É—é –∑–∞ –∞—Ä–∏—Ñ–º–µ—Ç–∏–∫—É üò° –ª—é–¥–∏–Ω—ñ –≤–∂–µ –π –ø–æ–º–∏–ª–∏—Ç–∏—Å—è –Ω–µ –º–æ–∂–Ω–∞. –î–æ–±—Ä–æ–≥–æ —Ä–∞–Ω–∫—É!
–ó–∞—Å—É–Ω—å—Ç–µ —Å–≤—ñ–π —Å–∞—Ä–∫–∞–∑–º –≤ –æ–¥–Ω–µ –º—ñ—Å—Ü–µ
–¢–∞–∫–µ –≥–æ—Ä–µ, –∞ –í–∏....",662156384
82,56345,2023-06-26,"–í –£–∫—Ä–∞—ó–Ω—ñ –∞–Ω—Ç–∏—Å–µ–º—ñ—Ç–∏–∑–º—É –Ω–µ–º–∞—î, —Ü–µ –º–æ–∂–Ω–∞ –ø–æ–±–∞—á–∏—Ç–∏ –ø–æ –∫–æ–º–µ–Ω—Ç–∞—Ö –≤ —Ü—ñ–π –≥—ñ–ª—Ü—ñ",379590333
82,56409,2023-06-26,"–ù–∞–∂–∞–ª—å, —Ü–µ –Ω–µ —î –ø—Ä–∞–≤–¥–æ—é. 
–ù–∞–ø—Ä–∏–∫–ª–∞–¥ —É –î–Ω—ñ–ø—Ä—ñ, —è–∫—Ä–∞–∑ –ø–µ—Ä–µ–¥ –ø–æ—á–∞—Ç–∫–æ–º –≤—ñ–Ω–∏ –Ω–∞ –Ω–æ–≤–∏–π —Ä—ñ–∫ –∫–æ–ª–∏ —î–≤—Ä–µ—ó –≤—ñ–¥–∑–Ω–∞—á–∞—é—Ç—å –•–∞–Ω—É–∫—É –¥–µ–∫—ñ–ª—å–∫–∞ –ø—ñ–¥–ª—ñ—Ç–∫—ñ–≤ –∑–∞–≤–∞–ª–∏–ª–∏ —Ö–∞–Ω—É–∫—ñ—é.
–í—Ä–∞–∑–∏–ª–æ –Ω–µ –¥—ñ—ó —Ü–∏—Ö –ø—ñ–¥–ª—ñ—Ç–∫—ñ–≤ –∞ –∫–æ–º–µ–Ω—Ç–∏ —è–∫—ñ –ø–∏—Å–∞–ª–∏ –ª—é–¥–∏ —É –ª–æ–∫–∞–ª—å–Ω–∏—Ö —Ç–µ–ª–µ–≥—Ä–∞–º –∫–∞–Ω–∞–ª–∞—Ö. –í–æ–Ω–∏ –±—É–ª–∏ —Å–ø–æ–≤–Ω–µ–Ω—ñ –Ω–µ–Ω–∞–≤–∏—Å—Ç—ñ –¥–æ —î–≤—Ä–∞–π—Å—å–æ–≥–æ –Ω–∞—Ä–æ–¥—É.
–î–Ω—ñ–ø—Ä–æ –Ω–∞ —Ö–≤–∏–ª–∏–Ω–∫—É –º–∞—î –æ–¥–Ω—É –∑ –Ω–∞–π–±—ñ–ª—å—à–∏—Ö –¥—ñ–∞—Å–ø–æ—Ä —î–≤—Ä–µ–π—Å—å–∫–æ–≥–æ –Ω–∞—Ä–æ–¥—É –≤ –£–∫—Ä–∞—ó–Ω—ñ.

–¢–æ–∂ –ø—Ä–∞—Ü—é–≤–∞—Ç–∏ –Ω–∞–º –Ω–∞–¥ –∞–Ω—Ç–∏—Å–µ–º–∏—Ç–∏–∑–º–æ–º —â–µ –¥—É–∂–µ –¥–æ–≤–≥–æ",571022497
82,56450,2023-06-26,"—Ü–µ –±—É–≤ —Å–∞—Ä–∫–∞–∑–º , –Ω–∞–ø–µ–≤–Ω–æ. —â–æ –±–∞–≥–∞—Ç–æ –ø–æ–≤—ñ–¥–æ–º–ª–µ–Ω—å –ø–æ–≤–∏–¥–∞–ª—è–ª–∏",379590333
83,50013,2023-06-21,"–°–∞–º–µ —Ç–æ–º—É —è —É—Ç–æ—á–Ω–∏–ª–∞ –ø—Ä–æ —Ä–æ—Å—ñ—é.
–ë–æ –≤–µ—Å—å —Å–≤—ñ—Ç –º–∞—î —à–æ—Å—å –∑ —Ü–∏–º —Ä–æ–±–∏—Ç–∏, –±–æ —Ü–µ –Ω–µ –æ–∫. –ê —Ç–∞–º —Ö–≤–π –±—É–¥–µ –æ–∫.",803190318
83,50014,2023-06-21,"–ù—É —è —Å–∞–º–µ –Ω–∞ –≤–∞—à –≤–∏—Å–ª—ñ–≤, —â–æ —Å–º—ñ—à–Ω–æ, —à–æ –ª—é–¥–∏–Ω–∞ –º–æ–∂–µ –≤ 92 —Ä–æ–∫–∏ –≤—á–∏–Ω–∏—Ç–∏ —Å–∞–º–æ–≥—É–±—Å—Ç–≤–æ. –Ø –≤—ñ–¥–ø–æ–≤—ñ–ª–∞, —à–æ —Ü–µ —Ç–µ–Ω–¥–µ–Ω—Ü—ñ—è",733216642
83,50016,2023-06-21,"–Ø –∑—Ä–æ–∑—É–º—ñ–ª–∞) –º—ñ–π —Å–∞—Ä–∫–∞–∑–º –Ω–∞–ø—Ä–≤–ª–µ–Ω–∏–π –Ω–∞ –¥—ñ–¥–∞ –≤–∏–∫–ª—é—á–Ω–æ —á–µ—Ä–µ–∑ –π–æ–≥–æ –≥—Ä–æ–º–∞–¥—è–Ω—Å—Ç–≤–æ, –∞ –Ω–µ —Å–∏—Ç—É–∞—Ü—ñ—é –≤—Ü—ñ–ª–æ–º—É)",803190318
84,46688,2023-06-16,"–¢–∞ –±–ª—ñ–Ω, —Å–∫–æ—Ä–æ –º–æ–∂–Ω–∞ –±—É–¥–µ —ó—Å—Ç–∏ —Å–∞–º—É –º–æ—Ä–∫–≤—É —Ç–∞ –∫–∞—Ä—Ç–æ–ø–ª—é –∑ —Ü–∏–±—É–ª–µ—é. –Ü —Ç–æ,  –∫–∞—Ä—Ç–æ–ø–ª—è –±—É–¥–µ –ø—ñ–¥ –ø–∏—Ç–∞–Ω–Ω—è–º",731321797
84,47279,2023-06-16,–¢–∞ –Ω—É —á–æ–≥–æ –≤–∏. –Ñ –±–∞–≥–∞—Ç–æ –±—Ä–µ–Ω–¥—ñ–≤ —è–∫—ñ –Ω–∞–≤—ñ—Ç—å –Ω–µ –∑–∞—Ö–æ–¥–∏–ª–∏ –Ω–∞ —Ä–∏–Ω–æ–∫ —Ä–∞—à–∫–∏. –Ñ –±–∞–≥–∞—Ç–æ —á–æ–≥–æ –≤–∏–≥–æ—Ç–æ–≤–ª–µ–Ω–æ –≤ –£–∫—Ä–∞—ó–Ω—ñ. –í–∏ –∑–¥–∏–≤—É—î—Ç–µ—Å—å —Å–∫—ñ–ª—å–∫–∏ —à–æ–∫–æ–ª–∞–¥—É —Ä–æ–±–∏—Ç—å –ü–æ–ª—å—à–∞. –ê —â–µ –Ω–µ –∑–∞–±—É–≤–∞–π—Ç–µ –ø—Ä–æ –õ—å–≤—ñ–≤—Å—å–∫—É –º–∞–π—Å—Ç–µ—Ä–Ω—é —à–æ–∫–æ–ª–∞–¥—É. –Ñ –¥—É–∂–µ –±–∞–≥–∞—Ç–æ –≤—ñ–¥–ø–æ–≤—ñ–¥–∞–ª—å–Ω–∏—Ö –±—Ä–µ–Ω–¥—ñ–≤.,461077276
84,47282,2023-06-16,–î—è–∫—É—é –∑–∞ —Ä–æ–∑–≥–æ—Ä–Ω—É—Ç—É –≤—ñ–¥–ø–æ–≤—ñ–¥—å (–±–µ–∑ —Å–∞—Ä–∫–∞–∑–º—É) –∞–ª–µ —è —Å–∫–æ—Ä—ñ—à–µ –Ω–∏–ª–∞-–∂–∞—Ä—Ç—É–≤–∞–ª–∞ üòú,731321797
85,43939,2023-06-12,–¶–µ –±—É–≤ —Å–∞—Ä–∫–∞–∑–º üòâ,864334606
86,43857,2023-06-12,"–ë—É–±–æ—á–∫–∞,—Ç–∏ –¥—É–∂–µ –≤–∏—Ö–æ–≤–∞–Ω–∞ –ª—é–¥–∏–Ω–∞,–¥—è–∫—É—é( –Ω–µ —Å–∞—Ä–∫–∞–∑–º)",864334606
87,42830,2023-06-10,"–Ø –Ω–∞–¥—ñ—é—Å—å, —â–æ –ø–µ—Ä–µ–¥–æ—Å—Ç–∞–Ω–Ω—ñ–π –ø—É–Ω–∫—Ç - —Ü–µ —Å–∞—Ä–∫–∞–∑–º",1086571740
88,42779,2023-06-10,–®–æ—Å—Ç–∏–π —Ü–µ –∂ —Å–∞—Ä–∫–∞–∑–º? –ë–æ —è –ø—Ä–æ–≥–æ–ª–æ—Å—É–≤–∞–ª–∞ —è–∫ –∑–∞ —Å–∞—Ä–∫–∞–∑–º,535207588
89,42610,2023-06-10,–°–ø–æ–¥—ñ–≤–∞—é—Å—è –ø–µ—Ä–µ–¥–æ—Å—Ç–∞–Ω—ñ–π –≤–∞—Ä—ñ–∞–Ω—Ç –ø—Ä–æ –î–æ–º —Ü–µ —Å–∞—Ä–∫–∞–∑–º? –ë–æ —è –ø—Ä–æ–≥–æ–ª–æ—Å—É–≤–∞–ª–∞ –∑–∞ –Ω—å–æ–≥–æ —Å–∞–º–µ –≤ —Å–∞—Ä–∫–∞—Å—Ç–∏—á–Ω–æ–º—É —Ç–æ–Ω—ñ,5543097617
90,41734,2023-06-08,–∞ —à–æ  —Ç–æ–ª–∫—É –≤—ñ–¥ —ñ–Ω—à–∏—Ö —É–∫—Ä–∞—ó–Ω—Ü—ñ–≤ —è–∫—ñ —Ä–µ–ø–æ—Å—Ç—è—Ç—å –≤ —Å–≤–æ—ó—Ö —Å—Ç–æ—Ä—ñ—Å —ñ —Ç–∞–∫ –¥–∞–ª—ñ,774478543
90,41749,2023-06-08,–°–∞—Ä–∫–∞–∑–º —á–∏ –Ω–µ –∑—Ä–æ–∑—É–º—ñ–ª–µ –ø–æ—è—Å–Ω–µ–Ω–Ω—è?,76894789
90,41785,2023-06-08,—à–æ—Å—å –Ω–∞ —Å–∞—Ä–∫–∞–∑–º –Ω–µ –¥—É–∂–µ —Å—Ö–æ–∂–µ:(,774478543
91,41728,2023-06-08,–¢–∞–∫ –∞ —à–æ —Ç–æ–ª–∫—É???,76894789
91,41734,2023-06-08,–∞ —à–æ  —Ç–æ–ª–∫—É –≤—ñ–¥ —ñ–Ω—à–∏—Ö —É–∫—Ä–∞—ó–Ω—Ü—ñ–≤ —è–∫—ñ —Ä–µ–ø–æ—Å—Ç—è—Ç—å –≤ —Å–≤–æ—ó—Ö —Å—Ç–æ—Ä—ñ—Å —ñ —Ç–∞–∫ –¥–∞–ª—ñ,774478543
91,41749,2023-06-08,–°–∞—Ä–∫–∞–∑–º —á–∏ –Ω–µ –∑—Ä–æ–∑—É–º—ñ–ª–µ –ø–æ—è—Å–Ω–µ–Ω–Ω—è?,76894789
92,38091,2023-06-04,–¶–µ —Å–∞—Ä–∫–∞–∑–º,1079699362
93,36916,2023-06-02,"–Ø–∫—â–æ, —â–æ –º—ñ–π –∫–æ–º–µ–Ω—Ç–∞—Ä –±—É–≤ —Å–∞—Ä–∫–∞–∑–º–æ–º.",380924336
94,36607,2023-06-02,"–¢–∞ –º–∞–ª–∏–π —â–æ—Å—å —Ç–µ–∂ –Ω–µ –¥—É–∂–µ –≤–µ—Å–µ–ª–∏–π, –±—ñ–ª—å—à–µ —Å–∞—Ä–∫–∞–∑–º –≤ –Ω—å–æ–≥–æ –≤ –≥–æ–ª–æ—Å—ñ —á—É—Ç—å, —ñ–º—Ö–æ.",933843111
95,34088,2023-05-30,"–í–∏ –± –≤–æ–ª—ñ–ª–∏ , —â–æ–± –Ω–∞ –¥–µ—Ä–µ–≤–∞—Ö –∑–∞–º—ñ—Å—Ç—å –ª–∏—Å—Ç—è —Ä–æ—Å–ª–∏ –≥—Ä–æ—à—ñ ?",700750795
95,34092,2023-05-30,–¶–µ —É–Ω–∏–∫–Ω–µ–Ω–Ω—è –≤—ñ–¥–ø–æ–≤—ñ–¥—ñ,393806566
95,34095,2023-05-30,"–Ø–∫–µ –∑–∞–ø–∏—Ç–∞–Ω–Ω—è - —Ç–∞–∫–∞ –±—É–¥–µ —ñ –≤—ñ–¥–ø–æ–≤—ñ–¥—å. –Ø–∫—â–æ –ø–æ–≥–∞–Ω–æ —Ö —Ä–æ–∑—É–º—ñ–Ω–Ω—è–º —Å–∞—Ä–∫–∞–∑–º—É,  —Ç–æ —Ü–µ –≤–∞—à—ñ –æ—Å–æ–±–∏—Å—Ç—ñ –ø—Ä–æ–±–ª–µ–º–∏ –≤–ª—ñ–∑–∞–Ω–Ω—è –≤ —á—É–∂—ñ –¥—ñ–∞–ª–æ–≥–∏ ))) —Ü—å–æ–º —Ü—å–æ–º",700750795
96,29676,2023-05-24,–ù–µ –ø—Ä–æ–π—à–ª–æ —ñ —Å—Ç–æ —Ä–æ–∫—ñ–≤,564597744
96,29680,2023-05-24,–ø—Ä–æ–π—à–ª–æ,502883660
96,29691,2023-05-24,–¶–µ —Å–∞—Ä–∫–∞–∑–º.) —è –∑–Ω–∞—é,564597744
97,28964,2023-05-23,"–ú–µ–Ω—ñ —Å–ø—Ä–∞–≤–¥—ñ (–±–µ–∑ —ñ—Ä–æ–Ω—ñ—ó —Ç–∞ —Å–∞—Ä–∫–∞–∑–º—É) –±—É–ª–æ –± —Ü—ñ–∫–∞–≤–æ –ø–æ—á–∏—Ç–∞—Ç–∏ —ó—Ö. –¢—ñ–ª—å–∫–∏ —Å–∞–º–µ –Ω–∞—É–∫–æ–≤—ñ, –∞ –Ω–µ –∂—É—Ä–Ω–∞–ª—ñ—Å—Ç—Å—å–∫—ñ –∑ –≤–∏–±—ñ—Ä–∫–æ—é –≤ 1000 —á–æ–ª–æ–≤—ñ–∫. –Ø–∫—â–æ —î –ø–æ—Å–∏–ª–∞–Ω–Ω—è - –∫–∏–Ω—å—Ç–µ –≤ –ø–ø.",936670030
98,28225,2023-05-23,"–û —Å–∞—Ä–∫–∞–∑–º,–¥—è–∫—É—é)",387241939
99,25100,2023-05-19,"–∑–∞–≥—É–≥–ª–∏–≤. –≤—Å–µ –æ–¥–Ω–æ –Ω–µ —Ä–æ–∑—É–º—ñ—é –º–æ—Ç–∏–≤–∞—Ü—ñ—ó –≤–∞—à–∏—Ö —Å–ª—ñ–≤.

—è –Ω–µ –∫–∞–∑–∞–≤ —ñ –Ω–µ –Ω–∞—Ç—è–∫–∞–≤ –Ω–∞ —Ç–µ, —â–æ –Ω–∞ –¥–∏—Ç–∏–Ω—É —Ç—Ä–µ–±–∞ –∑–∞–±–∏—Ç–∏ —Ö—É–π. –ª–∏—à–µ –∑–∞—É–≤–∞–∂–∏–≤, —â–æ –¥–∏—Ç–∏–Ω—ñ –º–æ–∂–µ –±—É—Ç–∏ –≤–∞–∂–∫–æ —É—Å–≤—ñ–¥–æ–º–∏—Ç–∏ –∑–º—ñ—Å—Ç –≤—ñ—Ä—à—ñ–≤, —ñ –Ω–∞–¥–∞—Ç–∏ —ó–º –ø–µ—Ä–µ–≤–∞–≥—É –Ω–∞–¥ —á–∏–º–æ—Å—å —ñ–Ω—à–∏–º

—Ç–æ–∂ —Ç–æ–π –≤–∞—à ""—Å–∞—Ä–∫–∞–∑–º"" —Ç–æ –≤–∏–∫–ª—é—á–Ω–æ –≤–∞—à–∞ –æ—Å–æ–±–∏—Å—Ç–∞ –¥—É–º–∫–∞. –º–∞–±—É—Ç—å, —É –≤–∞—Å —è–∫–∞—Å—å —Ç—Ä–∞–≤–º–∞ –Ω–∞ —Ü—é —Ç–µ–º—É? —Ä–æ–∑—É–º—ñ—é, –Ω–µ —Ö–≤–∏–ª—é–π—Ç–µ—Å—å, –≤—Å–µ –±—É–¥–µ –≥–∞—Ä–∞–∑–¥ üòÅüòÅüòÅ",1143388144
100,23652,2023-05-18,"–¢–æ –∑—Ä–æ–∑—É–º—ñ–ª–æ, —Ç–æ –±—É–≤ —Å–∞—Ä–∫–∞–∑–º.",490751356
101,22071,2023-05-16,"–ù—É –∫–æ–º—É –Ω–µ —Å–º—ñ—à–Ω–æ, –º–æ–∂–µ –ø–æ—Å–∏–¥—ñ—Ç–∏ –ø–æ–ø–ª–∞–∫–∞—Ç–∏. –û—Å–æ–±–ª–∏–≤–æ —Ç—ñ —à–∫–æ–ª—è—Ä–∏–∫–∏, —è–∫—ñ —â–µ –Ω–µ —Ä–æ–∑—É–º—ñ—é—Ç—å —Å–∞—Ä–∫–∞–∑–º—É",5229742943
102,21466,2023-05-15,"""–£–ø—Ä–æ–¥–æ–≤–∂ 2021 —Ä–æ–∫—É –Ω–µ–∑–∞–∫–æ–Ω–Ω–∞ –¥—ñ—è–ª—å–Ω—ñ—Å—Ç—å —Ñ—ñ–≥—É—Ä–∞–Ω—Ç—ñ–≤ –∑–∞–≤–¥–∞–ª–∞ –¥–µ—Ä–∂–∞–≤—ñ –∑–±–∏—Ç–∫—ñ–≤ —É –ø–æ–Ω–∞–¥ 4,2 –º–ª—Ä–¥ –≥—Ä–Ω., –∞ –∑–∞–≥–∞–ª—å–Ω–∞ —Å—É–º–∞ –∑–∞–≤–¥–∞–Ω–∏—Ö –∑–±–∏—Ç–∫—ñ–≤ –º–æ–∂–µ –ø–µ—Ä–µ–≤–∏—â—É–≤–∞—Ç–∏ 18 –º–ª—Ä–¥"" –∫–æ–ª–∏ —Ç–∞–∫—ñ –Ω–æ–≤–∏–Ω–∏, —Ç–æ —Ç–æ—á–Ω–æ —Å–∏–≤–æ—á–æ–ª–∏–π —â–µ –ø—Ä–µ–∑–∏–¥–µ–Ω—Ç",356456129
102,21467,2023-05-15,–ü—Ä–µ–∑–∏–¥–µ–Ω—Ç—Å—å–∫—ñ –≤–∏–±–æ—Ä–∏ –±—É–ª–∏ –≤ 2019,502083401
102,21469,2023-05-15,–¢–æ–º—É —è –ø–∏—à—É –≤—ñ–¥–ø–æ–≤—ñ–¥—å –ª—é–¥–∏–Ω—ñ —Å —Å–∞—Ä–∫–∞–∑–º–æ–º —â–æ –≤—ñ–Ω –Ω–µ –ø—Ä–µ–∑–∏–¥–µ–Ω—Ç –≤–∂–µ 4 —Ä–æ–∫–∏(–¥—è–∫—É—é —è –ø–∞–º'—è—Ç–∞—é —è —Ö–æ–¥–∏–≤ –Ω–∞ –≤–∏–±–æ—Ä–∏),356456129
103,18849,2023-05-11,"–Ø —Å–ø–æ–¥—ñ–≤–∞—é—Å—å —Ü–µ —Å–∞—Ä–∫–∞–∑–º? –Ü–Ω–∞–∫—à–µ, —è —à–∏—Ä–æ –±–∞–∂–∞—é, —â–æ–± –í–∞—Å —á–∏ –≤–∞—à–∏—Ö —Ä—ñ–¥–Ω–∏—Ö –æ–ø–µ—Ä—É–≤–∞–ª–∞ –ª—é–¥–∏–Ω–∞, —è–∫–∞ –Ω–∞—Ñ–æ—Ç–æ—à–æ–ø–∏–ª–∞ —Å–æ–±—ñ –¥–∏–ø–ª–æ–º —Ö—ñ—Ä—É—Ä–≥–∞",1300036027
104,17263,2023-05-08,—Ü–µ –∂ —Å–∞—Ä–∫–∞–∑–º –±—É–≤ –Ω—É,335520058
105,16308,2023-05-07,- –≤ –∫—ñ–Ω—Ü—ñ —Ç–∞–º (SKZM- —Å–∞—Ä–∫–∞–∑–º ‚Ä¶,527880671
106,11018,2023-04-28,"–ù–µ –¥—É–º–∞—é. –ü—Ä–∏ ''—Ç–æ–º—É'' —Ö—É–ª–æ –Ω–µ –Ω–∞–ø–∞–≤ –≤—Å–µ –∂ —Ç–∞–∫–∏. –Ø–Ω–∏–∫ –≤—Ç—ñ–∫ —ñ –≤—Ä—è—Ç—É–≤–∞–≤ –£–∫—Ä–∞—ó–Ω—É... –î–µ—è–∫–æ—é –º—ñ—Ä–æ—é ''—Ä–∏–≥–∏'' –±—É–ª–∏ –∫—Ä–∞—â—ñ (—Å–∞—Ä–∫–∞–∑–º). –í–æ–Ω–∏ –±—É–ª–∏ –∑–∞–ø—Ä–æ–¥–∞–Ω—Ü—ñ, –∞–ª–µ –æ—Å–≤—ñ–¥—á–µ–Ω—ñ, –∞ —Ü–µ –∂ - –ø—Ä–∏–º—ñ—Ç–∏–≤–Ω–µ –®–∞–ø—ñ—Ç–æ ! –†–∏–≥–∏ –º–∞–±—É—Ç—å –≤ —à–æ—Ü—ñ, —â–æ —Ç–∞–∫ –º–æ–∂–Ω–∞ –±—É–ª–æü§™",5119821613
107,8606,2023-04-25,"–±–æ —Ç–∞–º —Ç–µ–∂ –±—ñ–ª—å—à—ñ—Å—Ç—å —Å–∫–ª–∞–¥—É –≥—Ä–∞–≤—Ü—ñ —É–∫—Ä–∞—ó–Ω—Å—å–∫–æ–≥–æ –ø–æ—Ö–æ–¥–∂–µ–Ω–Ω—è, —è–∫ —ñ –≤ —Ü—ñ–π –∫–æ–º–∞–Ω–¥—ñ. –ü–°. —è–∫—â–æ —â–æ —Ü–µ —Å–∞—Ä–∫–∞–∑–º",487715688
108,5350,2023-04-20,"–¢—é, –Ω–∞—à–æ —Ç—ñ —è—Ö—Ç–∏? –¶–µ –∂ –Ω–µ –ø–µ—Ä—à–∏–π —Ä–∞–∑, –∫–æ–ª–∏ –Ü–ª—é—à–∞ –≤–∏–∫–∏–¥–∞—î –≥—Ä–æ—à—ñ –Ω–∞ –≤—ñ—Ç–µ—Ä. –í—ñ–Ω —Ç–∞–∫ –±–∞—á–∏—Ç—å.",917421744
108,5370,2023-04-20,"—Ç–æ –±—É–≤ —Å–∞—Ä–∫–∞–∑–º. –ê —è–∫—â–æ —Å–µ—Ä–π–æ–∑–Ω–æ, —Ç–æ —á–æ–º—É –≤–∏ –¥—É–º–∞—î—Ç–µ —â–æ —Ü–µ–π –ø–æ–ª—ñ—Ç –Ω—ñ–∫–æ–ª–∏ –Ω–µ –æ–∫—É–ø–∏—Ç—å—Å—è? –±–æ –∫–æ–ª–∏—Å—å –∫–∞–∑–∞–ª–∏ —â–æ –π —Å–∞–¥–∂–∞—Ç–∏ –ø–µ—Ä—à–∏–π —Å—Ç—É–ø—ñ–Ω—å –ø–æ–≥–∞–Ω–∞ —ñ–¥–µ—è, —è–∫–∞ –Ω—ñ–∫–æ–ª–∏ –Ω–µ –æ–∫—É–ø–∏—Ç—å—Å—è. –ê –∑–∞—Ä–∞–∑ –º–æ–∂–Ω–∞ –ø–æ—Ä—ñ–≤–Ω—è—Ç–∏ —Å–∫—ñ–ª—å–∫–∏ –∫–≥ –≤–∏–≤–µ–ª–∏ –Ω–∞ –æ—Ä–±—ñ—Ç—É SpaceX –≤ —Ü—å–æ–º—É —Ä–æ—Ü—ñ —ñ —Å–∫—ñ–ª—å–∫–∏ –≤—Å—ñ —Ä–µ—à—Ç–∞ —Ä–∞–∑–æ–º —É–∑—è—Ç—ñ. –Ü —Ä–µ–∑—É–ª—å—Ç–∞—Ç –±—É–¥–µ –Ω–µ –Ω–∞ –∫–æ—Ä–∏—Å—Ç—å –≤—Å—ñ—Ö —Ä–µ—à—Ç–∞))",874101884
108,5377,2023-04-20,"–î—è–∫—É—é, –ø–æ—è—Å–Ω–∏–ª–∏. –ê —Å–∞–º–æ–º—É –Ω–µ –ø—Ä–∏–π—à–ª–∞ —É –≥–æ–ª–æ–≤—É –º–∏—Å–ª—è, —â–æ —Ç–æ –±—É–≤ —é–º–æ—Ä?) –Ø–∫ –Ω–∞ –º–µ–Ω–µ,  –¥—É–∂–µ –≥–∞—Ä–Ω—ñ –≥—Ä–æ—à—ñ –Ω–∞ –≤—ñ—Ç–µ—Ä) –Ω—É, —Å–∞—Ä–∫–∞–∑–¨–º, —Ç–∞–∫ —Å–∞—Ä–∫–∞–∑–º)",917421744
109,5341,2023-04-20,"—Ç–æ—á–Ω–æ, –Ω–µ–º–∞ —à–æ–± –∫—É–ø–∏—Ç–∏ —Å–æ–±—ñ —è—Ö—Ç—É —á–∏ —è–∫–∏–π—Å—å –æ—Å—Ç—Ä—ñ–≤ –≤ –æ–∫–µ–∞–Ω—ñ —è–∫ –≤—Å—ñ –Ω–æ—Ä–º–∞–ª—å–Ω—ñ –ª—é–¥–∏",874101884
109,5350,2023-04-20,"–¢—é, –Ω–∞—à–æ —Ç—ñ —è—Ö—Ç–∏? –¶–µ –∂ –Ω–µ –ø–µ—Ä—à–∏–π —Ä–∞–∑, –∫–æ–ª–∏ –Ü–ª—é—à–∞ –≤–∏–∫–∏–¥–∞—î –≥—Ä–æ—à—ñ –Ω–∞ –≤—ñ—Ç–µ—Ä. –í—ñ–Ω —Ç–∞–∫ –±–∞—á–∏—Ç—å.",917421744
109,5370,2023-04-20,"—Ç–æ –±—É–≤ —Å–∞—Ä–∫–∞–∑–º. –ê —è–∫—â–æ —Å–µ—Ä–π–æ–∑–Ω–æ, —Ç–æ —á–æ–º—É –≤–∏ –¥—É–º–∞—î—Ç–µ —â–æ —Ü–µ–π –ø–æ–ª—ñ—Ç –Ω—ñ–∫–æ–ª–∏ –Ω–µ –æ–∫—É–ø–∏—Ç—å—Å—è? –±–æ –∫–æ–ª–∏—Å—å –∫–∞–∑–∞–ª–∏ —â–æ –π —Å–∞–¥–∂–∞—Ç–∏ –ø–µ—Ä—à–∏–π —Å—Ç—É–ø—ñ–Ω—å –ø–æ–≥–∞–Ω–∞ —ñ–¥–µ—è, —è–∫–∞ –Ω—ñ–∫–æ–ª–∏ –Ω–µ –æ–∫—É–ø–∏—Ç—å—Å—è. –ê –∑–∞—Ä–∞–∑ –º–æ–∂–Ω–∞ –ø–æ—Ä—ñ–≤–Ω—è—Ç–∏ —Å–∫—ñ–ª—å–∫–∏ –∫–≥ –≤–∏–≤–µ–ª–∏ –Ω–∞ –æ—Ä–±—ñ—Ç—É SpaceX –≤ —Ü—å–æ–º—É —Ä–æ—Ü—ñ —ñ —Å–∫—ñ–ª—å–∫–∏ –≤—Å—ñ —Ä–µ—à—Ç–∞ —Ä–∞–∑–æ–º —É–∑—è—Ç—ñ. –Ü —Ä–µ–∑—É–ª—å—Ç–∞—Ç –±—É–¥–µ –Ω–µ –Ω–∞ –∫–æ—Ä–∏—Å—Ç—å –≤—Å—ñ—Ö —Ä–µ—à—Ç–∞))",874101884
110,4877,2023-04-20,"–¢–∞–∫, –≤—Å–µ –∂ —Ç–∞–∫–∏, —â–æ —Ç–æ –±—É–ª–æ ü§î
""...–ª–µ—Ç—ñ–ª–æ - –Ω–µ –≤–ø–∞–ª–æ, –∞ —Ç–∞–∫ –∑–∞–≥—É–ª–æ...""ü§¨",5024665897
110,4880,2023-04-20,"–¢–∞ –≤–∂–µ –≤—Å—ñ –∑–Ω–∞—é—Ç—å, —â–æ –º–µ—Ç–µ–æ—Ä–∏—Ç. –•—ñ–±–∞ –≤–æ–Ω–æ —â–µ –π –≥—É–ª–æ? –ù–µ —Ç—ñ–ª—å–∫–∏ —Å–≤—ñ—Ç–∏–ª–æ?)",917421744
110,4883,2023-04-20,–¶–µ –±—É–≤ —Å–∞—Ä–∫–∞–∑–º –ø—Ä–æ –≤–∞—à—É –¥–∏—Å–∫—É—Å—ñ—éüôÑ,5024665897
111,4805,2023-04-20,"—Ü–µ —Å–∞—Ä–∫–∞–∑–º, —á–∏ –≤–∏ —Ä–µ–∞–ª—å–Ω–æ –¥—É–º–∞—î—Ç–µ, —â–æ –≤–æ–Ω–∏ –º—É—Å—è—Ç—å –Ω–∞—Å –∫–ª–∏–∫–∞—Ç–∏ –ª–µ–¥—å –Ω–µ –Ω–∞ –∫–æ–ª—ñ–Ω–∞—Ö , –∞ –Ω–µ –º–∏ –ø—Ä–∞–≥–Ω—É—Ç–∏ –ø—Ä–∏—î–¥–Ω–∞—Ç–∏—Å—è? –¢–∏–º –ø–∞—á–µ, –≤–æ—é—é—á—É –∫—Ä–∞—ó–Ω—É –≤–æ–Ω–∏ –Ω–µ –ø—Ä–∏–π–º—É—Ç—å, –∞ –æ—Ç –ø–æ –ø–µ—Ä–µ–º–æ–∑—ñ –≤–∂–µ —É –Ω–∞—Å –≤ —Ä—É–∫–∞—Ö –º'—è—á —ñ –Ω–∞—à —á–∞—Å-—Ç–∞–π–º –∞–±–∏ –∑–∞—Å–∫–æ—á–∏—Ç–∏ —É –∞–ª—å—è–Ω—Å",861647912
112,3918,2023-04-19,"–£ —Ç–æ–º—É —ñ –≤—Å—è —Å—É—Ç—å) –ù–∞—è–≤–Ω—ñ—Å—Ç—å –ø—ñ—Ö–≤–∏ –¥–∞—î –ø—Ä–∞–≤–æ –Ω–∞ —Å–≤—ñ–¥–æ–º–∏–π –≤–∏–±—ñ—Ä - –≤—Å—Ç—É–ø–∞—Ç–∏ –≤ –ª–∞–≤–∏ –ó–°–£, —á–∏ –ø–∏—Ç–∏ –∫–æ–∫—Ç–µ–ª—å –¥–µ—Å—å –Ω–∞ –±–µ—Ä–µ–∑—ñ –°–µ—Ä–µ–¥–∑–µ–º–Ω–æ–≥–æ. –Ü —è–∫ –Ω–µ –¥–∏–≤–Ω–æ(—Å–∞—Ä–∫–∞–∑–º), –≥—Ä–æ–º–∞–¥—è–Ω –∑ –ø—ñ—Ö–≤–æ—é, —Ç–∞–∫–∏–π –ø–æ—Ä—è–¥–æ–∫ —Ä–µ—á–µ–π –≤–ª–∞—à—Ç–æ–≤—É—î.",250622820
113,3580,2023-04-19,"—Ü—ñ–∫–∞–≤–æ,–∞ –∑–∞ —à–æ –ª—é–¥–∏ –π–æ–≥–æ –∑–∞—Ö–µ–π—Ç–∏–ª–∏..? —Ç–∏–ø—É,—è–∫—â–æ —Ç–∏ –±–∞—Ç—é—à–∫–∞ ,—Ç–æ —Ç–∞–Ω—Ü—é–≤–∞—Ç–∏ –Ω–µ –º–æ–∂–Ω–∞ —á–∏ —à–æ",416447847
113,3600,2023-04-19,"–¢–∞ –∂ –ø—ñ—Å—Ç... –ù–µ –≥–æ–∂–µ —Ç–∞–∫–æ –ø–∞—Ä–∞—Ñ—ñ—è–Ω–∞–º –¥—É—Ä–Ω–∏—Ü—ñ –ø–æ–∫–∞–∑—É–≤–∞—Ç–∏. –¢–æ –∂ —Ç–æ —Ü–∏—Ä–∫ –Ω–∞—Ç—É—Ä–∞–ª—å–Ω–∏–π, —è–∫–∞ –≤ —Ç–æ–º—É –º–æ—Ä–∞–ª—å ? –Ø–∫—â–æ —Å–≤—è—â–µ–Ω–∏–∫ —Ç–∞–∫–∏–π-–æ –Ω–µ—Å–µ—Ä–π–æ–∑–Ω–∏–π —Ç–æ —à–æ –ø—Ä–æ –ø–∞—Å—Ç–≤—É –º–æ–∂–Ω–∞ —Å–∫–∞–∑–∞—Ç–∏ ? –í—Å—ñ –ø–æ–≥–æ–ª–æ–≤–Ω–æ —É –≥—Ä—ñ—Ö–æ–≤–∏",1024015272
113,3738,2023-04-19,"–¶–µ —Å–∞—Ä–∫–∞–∑–º, —á–∏ —É –≤–∞—Å –¥–µ—è–∫—ñ –ø—Ä–æ–±–ª–µ–º–∏ –∑ —Ä–æ–∑—É–º—ñ–Ω–Ω—è–º —Ç–µ–∫—Å—Ç—É?)",539192691
114,3203,2023-04-18,"–î–ª—è —Ç–∞–∫–∏—Ö –ª—é–¥–µ–π —Ç–µ—Ä–∞–ø–µ–≤—Ç —Ö–æ—Ä–æ—à–∞ –º—ñ—Ä–∞ –ø–æ–∫–∞—Ä–∞–Ω–Ω—è) (—Ü–µ –Ω–µ —Å–∞—Ä–∫–∞–∑–º, –∑–∞–∑–≤–∏—á–∞–π –≤–æ–Ω–∏ —ó—Ö –±–æ—è—Ç—å—Å—è)",497971308
115,1347,2023-04-15,–ë–æ–≥ —Ç—î—Ä–ø—î–ª —ñ –Ω–∞–º –≤—î–ª—î–ª,456967002
115,1368,2023-04-15,–¢–∏ –º–∞–±—É—Ç—å –Ω–µ –±–∞—á–∏–ª–∞ —è–∫ —Å—Ç—Ä–∞–∂–¥–∞—é—Ç—å –Ω–µ–≤–∏–ª—ñ–∫–æ–≤–Ω—ñ –Ω–∞ –æ—Å—Ç–∞–Ω–Ω—ñ–π —Å—Ç–∞–¥—ñ—ó –∫–æ–ª–∏ –≤–∂–µ —ñ –º–æ—Ä—Ñ—ñ–Ω –Ω–µ –¥–æ–ø–æ–º–æ–≥–∞—î..,5039816356
115,1370,2023-04-15,–¢–æ –∂ —Å–∞—Ä–∫–∞–∑–º –±—É–≤,351818094
116,148125,2023-12-15,"<fat_sarcasm>
–¢–∞ –∑–∞–±–æ—Ä–æ–Ω—è–π—Ç–µ –≤–∂–µ –≥–µ—Ç—å —É—Å–µ: —Ñ–µ–π—Å–±—É–∫, —Ç–µ–ª–µ–≥—Ä–∞–º, —Ç—ñ–∫—Ç–æ–∫, —ñ–Ω—Å—Ç–∞–≥—Ä–∞–º, –æ–Ω–ª—ñ—Ñ–∞–Ω—Å, –≤—ñ–º–µ–æ, —é—Ç—É–±...

–ù–∞—â–æ –Ω–∞–≤—á–∞—Ç–∏ –º–µ–¥—ñ–∞-–≥—Ä–∞–º–æ—Ç–Ω–æ—Å—Ç—ñ? –ö—Ä–∞—â–µ –≤—Å–µ –∑–∞–±–ª–æ–∫—É–≤–∞—Ç–∏ =) –Ü –¥–∞—Ç–∏ –≤–æ–ª—é –Ω–æ–≤–∏–º –∞–º–±—ñ—Ç–Ω–∏–º —Å—Ç–∞—Ä—Ç–∞–ø–∞–º –≤—ñ–¥ —Ö–æ—Ç-—Ö–∞–π–ø —Ä–æ–∑—Ä–æ–±–Ω–∏–∫—ñ–≤!

(–∑–≥–∞–¥—É—î —á–∞—Å–∏ weua)
</fat_sarcasm>",137312462
117,113442,2023-09-29,,391588657
118,103581,2023-09-11,–ê–∂ –¥–≤–∞ (sarcasm),5212544919
